gorilla	pig	False
pig	bear	False
jacket	shoulder	False
dishwasher	speech	False
bomb	grenade	False
pigeon	disdain	False
penguin	sparrow	False
sieve	info	False
cathedral	wall	False
hammer	nail	False
guitar	vote	False
hammer	sieve	False
television	folk	False
gun	artefact	True
bear	ear	False
tuna	animal	True
salmon	vertebrate	True
vest	cloak	False
dolphin	salmon	False
mackerel	tail	False
stereo	bacterium	False
hammer	artefact	True
hammer	scalpel	False
carp	surety	False
rifle	remover	False
hotel	audience	False
gorilla	chordate	True
gun	trigger	False
ambulance	T	False
apricot	food	True
phone	polymer	False
vest	pants	False
eagle	juice	False
spinach	nuisance	False
dishwasher	famine	False
toaster	passage	False
celery	lizard	False
stereo	headphone	False
deer	lion	False
donkey	dolphin	False
jacket	clothing	True
washer	engine	False
dresser	artifact	True
screwdriver	cadaver	False
bus	radiator	False
washer	stereo	False
pigeon	animal	True
bomb	elocution	False
eagle	vertebrate	True
hospital	door	False
hotel	stairs	False
sieve	pincers	False
garlic	produce	True
grenade	shell	False
celery	max	False
oven	tee	False
jacket	gameplay	False
vest	clothes	True
giraffe	mustache	False
apple	produce	True
carp	merchandising	False
birch	elm	False
moth	hornet	False
stereo	recorder	False
train	frigate	False
robin	passerine	True
dishwasher	telephone	False
pineapple	cranberry	False
penguin	pheasant	False
cod	dishcloth	False
pine	birch	False
snake	scale	False
acacia	leaf	False
pheasant	sparrow	False
bowl	shock	False
bear	deer	False
frog	lizard	False
clarinet	boxer	False
hornet	straightaway	False
frog	review	False
battleship	teacher	False
hotel	roof	False
jacket	reef	False
gorilla	tooth	False
bowl	unit	False
poplar	root	False
axe	blade	False
car	utility	False
turtle	chordate	True
frigate	interpretation	False
cat	pitch	False
hornet	layout	False
bag	artifact	True
screwdriver	allowance	False
pear	cranberry	False
phone	dishwasher	False
television	intolerance	False
salmon	food	True
missile	swimming-pool	False
phone	artillery	False
hammer	midfielders	False
pigeon	robin	False
pig	rye	False
blouse	cloak	False
car	briefing	False
corn	beet	False
giraffe	leg	False
bus	fulfillment	False
shirt	mythology	False
deer	ray	False
pine	limb	False
screwdriver	handle	False
corn	introduction	False
ferry	artifact	True
couch	innings	False
mackerel	animal	True
pheasant	detriment	False
moth	railroad	False
battleship	ambulance	False
bottle	artefact	True
castle	door	False
dagger	forte	False
deer	correlation	False
pigeon	privateer	False
bag	resection	False
oven	washer	False
pineapple	apricot	False
bag	domination	False
dolphin	pig	False
phone	oven	False
pine	branch	False
blouse	insider	False
jacket	enrolment	False
wardrobe	jacket	False
dove	cab	False
dishwasher	button	False
castle	cathedral	False
plum	refund	False
car	vehicle	True
beet	leaf	False
sparrow	rump	False
hotel	window	False
gun	grenade	False
lion	dh	False
cathedral	punk	False
dishwasher	cutlery	False
bus	frigate	False
couch	safeguard	False
pheasant	eagle	False
bus	petrol	False
hospital	star	False
gorilla	cathode	False
bear	vertebrate	True
eagle	rump	False
battleship	linguistics	False
axe	drape	False
lion	fine	False
toaster	scholarship	False
villa	month	False
bowl	exterior	False
toaster	bread	False
hornet	cagoule	False
clarinet	guitar	False
villa	exterior	False
owl	animal	True
turtle	salt	False
hammer	pincers	False
washer	impact	False
robin	pigeon	False
dishwasher	dial	False
bear	Men	False
grasshopper	dissatisfaction	False
blouse	shirt	False
pineapple	juice	False
gorilla	trial	False
rifle	dog	False
garlic	corn	False
cucumber	celery	False
chisel	axe	False
pine	customer	False
apricot	pre-school	False
television	oven	False
washer	notice	False
giraffe	scratch	False
hotel	interior	False
phone	stereo	False
sparrow	chordate	True
lettuce	krill	False
missile	country	False
flute	tomb	False
blouse	inclosure	False
stereo	piece	False
toaster	camcorder	False
rabbit	terror	False
acacia	bole	False
gun	grip	False
lion	giraffe	False
hammer	kda	False
frigate	poop	False
giraffe	technique	False
blouse	underpants	False
parsley	autumn	False
guitar	background-color	False
stereo	lawn	False
rabbit	food	True
grasshopper	hornet	False
phone	goody	False
gorilla	giraffe	False
bus	magazine	False
phone	plastic	False
ferry	passenger	False
deer	vertebrate	True
ambulance	conversion	False
pigeon	penguin	False
lizard	scale	False
toaster	artefact	True
donkey	artillery	False
hammer	excursion	False
pheasant	anti-virus	False
train	waterway	False
rabbit	VHF	False
dagger	grenade	False
rabbit	can	False
stereo	surfing	False
poplar	pork	False
ambulance	fender	False
cathedral	synagog	False
cranberry	panchayats	False
pig	hoof	False
donkey	escort	False
hammer	fork	False
couch	proxy	False
hotel	variety	False
castle	bathroom	False
bus	plate	False
bottle	bowl	False
vest	complexity	False
garlic	hallway	False
frigate	denouement	False
cucumber	mischief	False
lettuce	ornament	False
fork	thoroughfare	False
beet	celery	False
robe	cloak	False
ambulance	grill	False
plum	p	False
guitar	wart	False
pigeon	design	False
screwdriver	set-up	False
hospital	thesis	False
owl	penguin	False
phone	dial	False
salmon	observance	False
toaster	oven	False
lizard	salamander	False
cloak	cafeteria	False
blouse	artefact	True
hospital	staff	False
rabbit	hare	False
stereo	plug	False
beet	mavoc	False
penguin	hypermedia	False
goldfish	label	False
shirt	button	False
battleship	canoe	False
rifle	equivalent	False
pheasant	partition	False
rabbit	bog	False
apricot	cranberry	False
frigate	survival	False
moth	order	False
dagger	viewer	False
rifle	figure	False
shirt	chess	False
fork	leg	False
phone	toaster	False
ambulance	roof	False
snake	protagonist	False
table	wardrobe	False
bus	temperament	False
mackerel	refurbishment	False
hotel	building	True
cloak	artifact	True
giraffe	grin	False
castle	hotel	False
frigate	florin	False
oven	device	True
battleship	travelogue	False
missile	shotgun	False
couch	dresser	False
dove	robin	False
grenade	replacement	False
donkey	door	False
blouse	input	False
table	noon	False
toaster	phone	False
missile	artefact	True
salmon	carp	False
shirt	nes	False
battleship	birch	False
cloak	sweatshirt	False
robin	CFC	False
dove	congregation	False
apple	bunk	False
guitar	peg	False
robin	permanence	False
sieve	fork	False
pineapple	vitamin	False
cranberry	brother	False
grenade	sentencing	False
robe	reason	False
rifle	motivation	False
chisel	scalpel	False
pheasant	arming	False
stereo	holiday	False
blouse	barrel	False
axe	cutlery	True
eagle	robin	False
vest	trouser	False
shirt	star	False
vest	clothing	True
ferry	frigate	False
parsley	moth	False
acacia	knock-on	False
cathedral	H	False
apricot	juice	False
fork	utensil	True
car	trilogy	False
television	farewell	False
lizard	n	False
dove	penguin	False
hornet	effectiveness	False
cloak	blouse	False
rifle	on-air	False
giraffe	dolphin	False
frog	chordate	True
hotel	pellet	False
jacket	apron	False
frog	tongue	False
dresser	table	False
ambulance	petrol	False
oven	telephone	False
jacket	stocking	False
gorilla	animal	True
rabbit	bear	False
snake	plastic	False
penguin	energy	False
dishwasher	dish	False
lion	donkey	False
villa	TB	False
apricot	plum	False
pine	naming	False
eagle	shopping	False
poplar	masterclasses	False
washer	basket	False
bus	pardon	False
bag	luggage	True
gun	somebody	False
snake	poison	False
robin	head	False
car	reality	False
hotel	hospital	False
elm	birch	False
lion	dash	False
sieve	attrition	False
bus	contracting	False
car	calibre	False
bottle	bag	False
mackerel	earl	False
sieve	personality	False
car	rear	False
hornet	animal	True
dolphin	expression	False
television	Thank	False
bus	field	False
couch	arm	False
robin	primetime	False
dove	serum	False
washer	television	False
blouse	sweatshirt	False
battleship	quote	False
deer	hoof	False
frog	toad	False
trout	vertebrate	True
deer	dolphin	False
clarinet	device	True
vest	warning	False
carp	catfish	False
vest	stocking	False
pineapple	mango	False
table	cloth	False
cathedral	hospital	False
pigeon	swim	False
lion	dog	False
apricot	warning	False
moth	overexertion	False
vest	drink	False
bottle	beer	False
pig	head	False
television	tube	False
axe	spitfire	False
rabbit	vest	False
hotel	accommodation	True
bowl	artifact	True
cat	general	False
bus	door	False
pig	dolphin	False
stereo	artefact	True
car	colour	False
screwdriver	thalidomide	False
battleship	Serbia	False
apple	apricot	False
blouse	childhood	False
shirt	destiny	False
hotel	crime	False
grenade	bomb	False
robe	ruminant	False
pig	trotter	False
fork	screwdriver	False
hotel	effectiveness	False
screwdriver	hour	False
mackerel	dolphin	False
poplar	elm	False
shirt	searching	False
castle	recipe	False
catfish	chordate	True
shirt	sock	False
frog	wart	False
tuna	castle	False
hotel	inside	False
willow	elm	False
fork	handle	False
oven	pump	False
corn	celery	False
vest	fleece	False
pear	discovery	False
chisel	lighthouse	False
donkey	rein	False
frigate	battleship	False
blouse	robe	False
robin	oriole	False
apple	fruit	True
dolphin	carp	False
hotel	suite	False
gorilla	disability	False
sieve	gambler	False
castle	geography	False
cranberry	pineapple	False
cucumber	garlic	False
frigate	iron	False
television	outing	False
stereo	era	False
table	debtor	False
guitar	harmonica	False
dishwasher	intimacy	False
chisel	TB	False
giraffe	rabbit	False
blouse	ballot	False
chisel	licensing	False
dresser	brief	False
trout	distension	False
ferry	twin	False
cod	reply	False
toaster	television	False
cathedral	danu	False
blouse	bricklayer	False
penguin	operator	False
hammer	postponement	False
bus	colour	False
shirt	garment	True
lizard	someone	False
frog	foot	False
apple	sub-committee	False
dagger	affirmation	False
clarinet	kazoo	False
dishwasher	advice	False
phone	cord	False
pigeon	gules	False
pig	dog	False
dresser	foot	False
cathedral	crypt	False
ambulance	graft	False
cathedral	safety	False
eagle	animal	True
vest	robe	False
vest	vacuum-cleaner	False
grasshopper	body	False
shirt	underpants	False
pear	food	True
missile	quarry	False
dishwasher	celebration	False
jacket	vest	False
phone	tray	False
gorilla	qualifier	False
bowl	interior	False
donkey	screenwriting	False
catfish	carp	False
tuna	entrant	False
poplar	strike	False
eagle	nostalgia	False
corn	impairment	False
table	th	False
blouse	rapper	False
bear	punctuality	False
owl	head	False
pigeon	upgrade	False
apple	somebody	False
battleship	peace	False
dishwasher	summary	False
robin	freshman	False
blouse	economy	False
shirt	B	False
gorilla	window	False
train	freshman	False
stereo	merger	False
snake	cabinet	False
missile	rocket	False
hotel	century	False
carp	memorial	False
grasshopper	bee	False
pig	leg	False
frigate	prow	False
goldfish	fishbone	False
lion	dolphin	False
garlic	turnip	False
jacket	sleeve	False
rabbit	gorilla	False
mackerel	bus	False
bus	hood	False
blouse	sinceskillpromotion	False
frog	snake	False
pigeon	blackbird	False
cod	divisor	False
phone	television	False
table	clarity	False
snake	toad	False
grenade	shotgun	False
grenade	weapon	True
pineapple	standpoint	False
stereo	woofer	False
gorilla	lion	False
hornet	insect	True
sieve	allowance	False
bottle	exterior	False
oven	behavior	False
train	interior	False
pine	bole	False
salmon	figure	False
rifle	shotgun	False
ferry	recruitment	False
lettuce	leaf	False
birch	branch	False
eagle	fader	False
lettuce	produce	True
lion	jaw	False
corn	ear	False
robe	superconstruction	False
hotel	pool	False
frigate	vessel	True
ambulance	country	False
robe	jacket	False
birch	fiscal	False
frog	bone	False
blouse	pants	False
guitar	drum	False
salmon	bone	False
hotel	customer	False
tuna	customer	False
willow	acacia	False
pear	peel	False
toaster	fragment	False
celery	corn	False
bomb	levy	False
bus	chromosome	False
bottle	trader	False
gorilla	proposal	False
dolphin	constituent	False
flute	milestone	False
screwdriver	artefact	True
turnip	food	True
spinach	bean	False
gorilla	arcade	False
willow	root	False
moth	dragonfly	False
gun	interior	False
pig	gorilla	False
deer	animal	True
snake	crocodile	False
plum	respiration	False
castle	donut	False
pineapple	behavioural	False
car	windscreen	False
bus	sponsor	False
battleship	constituency	False
pig	deadline	False
robin	distension	False
eagle	coastline	False
vest	occupier	False
penguin	dove	False
celery	crux	False
frigate	fore	False
pheasant	hallmark	False
pigeon	conference	False
television	dishwasher	False
salmon	tail	False
giraffe	Borehole	False
trout	tuna	False
mackerel	pas	False
poplar	recipe	False
catfish	goldfish	False
missile	arm	True
sparrow	cent	False
dagger	bronze	False
oven	artefact	True
gun	bore	False
gorilla	cat	False
ambulance	idiophreak	False
lion	airman	False
bear	loyalty	False
ambulance	hood	False
goldfish	snowdrift	False
washer	eighty	False
bottle	interior	False
grasshopper	gold	False
dishwasher	donation	False
plum	apple	False
hotel	effort	False
ambulance	vehicle	True
donkey	pane	False
cod	nj	False
apple	dressage	False
castle	inside	False
moth	reredos	False
sparrow	vertebrate	True
cloak	clothes	True
pineapple	peel	False
train	diesel	False
trout	pollution	False
stereo	stays	False
pig	swine	True
pineapple	joe	False
spinach	box-office	False
gorilla	chimpanzee	False
penguin	teddy	False
bomb	luscan	False
dolphin	tender	False
dishwasher	cup	False
catfish	ranking	False
missile	mm	False
clarinet	blood	False
frigate	train	False
train	entry	False
robin	handicap	False
robe	oval	False
dolphin	dog	False
hospital	notice	False
axe	critic	False
bear	chordate	True
cathedral	portal	False
bowl	routine	False
grenade	detonator	False
apple	food	True
dolphin	deer	False
villa	guest	False
bag	paper	False
shirt	hobby	False
oven	food	False
hammer	sledgehammer	False
dagger	rifle	False
willow	battleship	False
bag	lion	False
giraffe	lion	False
bus	cheetah	False
television	washer	False
car	roof	False
pear	chemical	False
giraffe	ear	False
hospital	district	False
sieve	screwdriver	False
plum	cranberry	False
screwdriver	pincers	False
battleship	gun	False
sieve	chisel	False
deer	hr	False
giraffe	oven	False
dishwasher	switchover	False
spinach	lettuce	False
ambulance	inside	False
mackerel	scale	False
deer	dust	False
lion	head	False
acacia	disease	False
gorilla	leg	False
lettuce	celery	False
cathedral	busker	False
pig	donkey	False
battleship	turret	False
dove	blackbird	False
pig	behalf	False
moth	head	False
phone	temp	False
phone	artefact	True
phone	clearance	False
bus	seatbelt	False
jacket	arm	False
guitar	sax	False
hotel	county	False
blouse	jacket	False
dishwasher	plate	False
cloak	angling	False
cranberry	morale	False
rifle	holder	False
bear	plasticine	False
willow	tree	True
acacia	boat	False
sieve	plate	False
bus	hobby	False
bus	crocodile	False
dresser	search	False
car	predictor	False
ambulance	gap	False
dishwasher	resident	False
washer	oven	False
corn	procurement	False
hospital	clinic	False
bag	case	False
axe	dagger	False
dagger	pommel	False
apple	pear	False
fork	shrub	False
donkey	chordate	True
missile	artifact	True
pineapple	pear	False
pear	produce	True
clarinet	barrel	False
bomb	limitation	False
bottle	profit	False
bag	table	False
giraffe	foot	False
gorilla	snowdrift	False
lion	bomb	False
fork	plastic	False
willow	pine	False
ambulance	trickle	False
hornet	stock	False
plum	advice	False
goldfish	governance	False
battleship	jaunt	False
penguin	owl	False
sparrow	penguin	False
screwdriver	sieve	False
chisel	screwdriver	False
ferry	train	False
rifle	trigger	False
frigate	Sassoon	False
penguin	renewal	False
screwdriver	iron	False
corn	expand	False
bag	kiln	False
screwdriver	textbox	False
carp	temperature	False
lion	vertebrate	True
bus	window	False
bottle	spotlight	False
apricot	charity	False
couch	leg	False
beet	garlic	False
fork	chisel	False
gorilla	function	False
corn	cereal	True
toaster	element	False
cat	fracas	False
wardrobe	ignorance	False
ambulance	gymnasium	False
guitar	hole	False
birch	tree	True
grenade	rifle	False
acacia	branch	False
train	quadrant	False
tuna	salmon	False
fork	artifact	True
rabbit	chordate	True
stereo	reservation	False
bomb	artefact	True
cat	province	False
jacket	artefact	True
television	device	True
rifle	vow	False
grasshopper	locust	False
ferry	ambulance	False
donkey	policeman	False
oven	television	False
salmon	mackerel	False
carp	goldfish	False
lion	bootlegger	False
penguin	gauntlet	False
poplar	birch	False
stereo	microphone	False
vest	sweatshirt	False
gun	bow	False
oven	debut	False
hammer	fare	False
chisel	scissor	False
shirt	clothes	True
train	carriage	False
bottle	plastic	False
missile	papacy	False
lizard	chameleon	False
screwdriver	tweezer	False
acacia	mezzo-soprano	False
pheasant	address	False
jacket	underpants	False
jacket	hearing	False
hospital	platinum	False
cat	ear	False
axe	accession	False
pheasant	trail	False
turnip	celery	False
robe	isis	False
screwdriver	jacket	False
eagle	ladle	False
hornet	head	False
ambulance	battleship	False
table	foot	False
castle	queen	False
bottle	impact	False
turtle	apoptosis	False
cathedral	throughput	False
bear	bobby	False
turtle	shell	False
cat	fanatic	False
lettuce	beet	False
turtle	snake	False
blouse	proprietor	False
lion	cat	False
fork	removal	False
ambulance	light	False
carp	slant	False
dishwasher	artifact	True
axe	skunk	False
bear	donkey	False
elm	markup	False
dove	bounce	False
shirt	contract	False
hospital	table	False
hospital	roof	False
pheasant	game	True
villa	bathroom	False
acacia	birch	False
grenade	expression	False
robin	curling	False
cathedral	discretion	False
guitar	artifact	True
robe	trouser	False
cod	fishbone	False
chisel	fear	False
bus	immigration	False
vest	space	False
chisel	serving	False
corn	neglect	False
lizard	consolidation	False
carp	champagne	False
dishwasher	motorway	False
bowl	ceramic	False
plum	latitude	False
blouse	monotropitin	False
guitar	artefact	True
eagle	stuff	False
lettuce	cucumber	False
bottle	flag	False
toaster	building	False
bowl	cereal	False
dishwasher	afterlife	False
apple	modification	False
pear	juice	False
guitar	report	False
spinach	conservator	False
castle	turret	False
cat	leg	False
rabbit	tail	False
dresser	artefact	True
missile	liner	False
rifle	councillor	False
screwdriver	mnemonic	False
television	screen	False
apricot	indebtedness	False
lettuce	ward	False
stereo	scenario	False
hotel	histogram	False
trout	treat	False
oven	removal	False
gorilla	hair	False
snake	bone	False
cat	ditch	False
carp	food	True
grasshopper	ladybug	False
carp	salmon	False
guitar	kazoo	False
willow	trunk	False
deer	bear	False
missile	dagger	False
carp	head	False
villa	dwelling	True
dove	animal	True
pigeon	pheasant	False
frigate	starboard	False
chisel	betel	False
cucumber	bean	False
hospital	education	False
rifle	elector	False
chisel	wallpaper	False
castle	dungeon	False
robe	funder	False
chisel	market	False
salmon	tuna	False
lizard	chordate	True
moth	animal	True
ambulance	interior	False
gun	handle	False
frigate	fine	False
giraffe	tail	False
vest	sauna	False
car	antibiotic	False
ferry	producer	False
spinach	iron	False
gun	libel	False
cucumber	unwillingness	False
wardrobe	artefact	True
grasshopper	leg	False
cat	deer	False
owl	axiom	False
blouse	cuff	False
pigeon	dove	False
car	door	False
elm	reformation	False
villa	game	False
turnip	leaf	False
turnip	garlic	False
axe	head	False
gorilla	dune	False
apricot	advisor	False
ambulance	artifact	True
cathedral	activation	False
bomb	weapon	True
axe	ecology-conservation	False
rifle	ammo	False
spinach	surveying	False
eagle	striker	False
grenade	artifact	True
car	inside	False
robe	shoulder	False
pig	foot	False
villa	effectiveness	False
goldfish	guitar	False
gorilla	contract	False
robe	vest	False
vest	anaesthesia	False
villa	furniture	False
castle	year-olds	False
dolphin	descent	False
hammer	head	False
turnip	additive	False
gun	chamber	False
apple	marshland	False
villa	hospital	False
birch	root	False
dolphin	bone	False
plum	bump	False
car	tire	False
train	tongue	False
bottle	label	False
guitar	remain	False
robin	animal	True
rifle	artefact	True
beet	corn	False
rabbit	kit	False
hospital	symmetry	False
parsley	poet	False
garlic	petrol	False
robe	arch	False
cat	badminton	False
washer	mi	False
blouse	trouser	False
guitar	clarinet	False
washer	clothes	False
dove	eagle	False
hotel	floor	False
jacket	peril	False
villa	lodging	True
turtle	projector	False
bus	train	False
cloak	stocking	False
clarinet	artifact	True
robe	garment	True
grasshopper	crimestoppers	False
celery	hacker	False
giraffe	bear	False
dove	vertebrate	True
bus	flagship	False
guitar	trombone	False
fork	tooth	False
bus	telly	False
bomb	thoroughfare	False
spinach	produce	True
hammer	fanbearer	False
sieve	enhancement	False
bag	Presbyterian	False
turtle	leg	False
deer	dog	False
birch	leaf	False
dishwasher	cluster	False
bowl	bag	False
garlic	prisoner	False
cloak	youngster	False
hospital	school	False
moth	secession	False
birch	hopelessness	False
hotel	comprehension	False
ferry	sailor	False
corn	madman	False
hotel	lobby	False
moth	grasshopper	False
axe	clearance	False
frigate	ship	True
donkey	lion	False
deer	impala	False
car	seatbelt	False
dresser	ore	False
dove	alleyway	False
elm	leaf	False
eagle	sparrow	False
frigate	bulkhead	False
cat	indication	False
hotel	grower	False
pear	kind	False
cathedral	consumer	False
tuna	grab	False
couch	one-off	False
cranberry	torque	False
hospital	cargo	False
jacket	lapel	False
turtle	frog	False
acacia	trunk	False
battleship	galley	False
rifle	nucleotide	False
bus	well-being	False
donkey	ear	False
hammer	ad-hoc	False
garlic	bypass	False
hotel	jump	False
hospital	unit	False
shirt	barrel	False
robe	artifact	True
grenade	drummer	False
gun	egotism	False
ferry	bow	False
clarinet	linux	False
catfish	tee	False
ferry	maker	False
ferry	iron	False
phone	equipment	True
fork	plate	False
sieve	utensil	True
owl	vertebrate	True
missile	warhead	False
penguin	rump	False
battleship	camel	False
hospital	office	False
pine	cholesterol	False
bus	diesel	False
cucumber	sacrament	False
poplar	tree	True
villa	incident	False
robin	pheasant	False
bowl	jug	False
cloak	regular	False
parsley	garlic	False
wardrobe	door	False
garlic	parsley	False
battleship	bus	False
donkey	foot	False
ambulance	rear	False
sparrow	robin	False
chisel	fork	False
donkey	thigh	False
fork	nutcracker	False
dresser	spot	False
robin	disagreement	False
axe	queer	False
hotel	beat	False
jacket	abstract	False
cathedral	rate	False
frigate	sponge	False
dishwasher	washer	False
lion	leg	False
screwdriver	screw	False
table	aftermath	False
donkey	head	False
bowl	liquid	False
bomb	arm	True
fork	head	False
pine	trunk	False
grenade	apostle	False
trout	hour	False
sparrow	citizen	False
jacket	hem	False
washer	patter	False
pig	chordate	True
jacket	celebratory	False
turnip	clarity	False
trout	background-color	False
pear	apple	False
cat	dolphin	False
axe	sieve	False
gun	arm	True
birch	acacia	False
penguin	eagle	False
salmon	animal	True
stereo	artifact	True
mackerel	ingrate	False
shirt	apron	False
deer	gorilla	False
ferry	car	False
robe	forearm	False
cloak	co-exist	False
sparrow	pheasant	False
pear	peasant	False
pear	apricot	False
television	refrigerator	False
stereo	equipment	True
willow	search	False
robin	rebranding	False
pig	performance	False
battleship	thesis	False
rifle	stardom	False
clarinet	sax	False
lion	twin	False
dresser	cutlery	False
poplar	connect	False
beet	parsley	False
screwdriver	substation	False
axe	chisel	False
robe	clothing	True
owl	dove	False
dagger	device	True
cloak	sleeve	False
spinach	leaf	False
dagger	rapper	False
pheasant	chordate	True
giraffe	dog	False
washer	windscreen	False
beet	root	True
fork	tweezer	False
couch	yesterday	False
frog	vertebrate	True
shirt	artefact	True
couch	table	False
hospital	villa	False
robe	rail	False
hotel	revenge	False
poplar	acacia	False
fork	level	False
garlic	spinach	False
car	bonnet	False
bus	light	False
gorilla	sailor	False
garlic	cucumber	False
sparrow	head	False
catfish	mackerel	False
car	gasoline	False
cathedral	altar	False
spinach	manga	False
toaster	telephone	False
vest	pericycle	False
moth	telephone	False
ferry	vessel	True
elm	burst	False
pheasant	head	False
rifle	conjunction	False
robe	underpants	False
dolphin	bear	False
battleship	judgment	False
villa	regulation	False
frog	turtle	False
frigate	car	False
robe	biodiesel	False
catfish	tuna	False
shirt	pants	False
car	photo	False
rifle	bomb	False
willow	limb	False
sieve	artifact	True
tuna	dolphin	False
chisel	domino	False
cat	rabbit	False
trout	tail	False
pineapple	listener	False
plum	gunman	False
car	charity	False
carp	awkwardness	False
wardrobe	jute	False
ambulance	supplier	False
gorilla	primate	True
snake	grammar-school	False
pineapple	produce	True
corn	specifier	False
parsley	kulpahar	False
apricot	stockist	False
deer	ear	False
snake	mixture	False
cucumber	bottle	False
turnip	bean	False
wardrobe	clothing	False
donkey	herbivore	True
trout	catfish	False
clarinet	ad-hoc	False
chisel	fable	False
train	caboose	False
battleship	prow	False
carp	trespasser	False
rabbit	head	False
dishwasher	phone	False
deer	shame	False
turtle	vertebrate	True
battleship	train	False
owl	sparrow	False
villa	roof	False
sieve	glass	False
hotel	Ms	False
donkey	read	False
cranberry	food	True
tuna	coursework	False
villa	rug	False
phone	turmoil	False
missile	rifle	False
bowl	colour	False
bus	interior	False
lion	minstrel	False
washer	detergent	False
parsley	beet	False
gorilla	wastage	False
robin	dove	False
lettuce	corn	False
birch	paragraph	False
ambulance	fuel	False
ambulance	statue	False
eagle	penguin	False
lettuce	spinach	False
elm	internationalist	False
ferry	kind	False
grenade	missile	False
salmon	dolphin	False
television	plug	False
television	probe	False
pear	make-up	False
lizard	Ptolemy	False
dishwasher	device	True
cathedral	mosque	False
bomb	follower	False
donkey	giraffe	False
ambulance	mayor	False
ambulance	equation	False
flute	guitar	False
apple	leaf	False
gun	adventure	False
hammer	re-hedging	False
battleship	engine	False
sieve	weekday	False
rabbit	deer	False
villa	inside	False
vest	handbook	False
cat	vertebrate	True
beet	produce	True
ferry	caravel	False
frigate	beginner	False
trout	goldfish	False
guitar	vagina	False
owl	isp	False
ferry	boat	True
vest	detector	False
train	vehicle	True
castle	visitor	False
mackerel	tuna	False
bowl	cycle	False
cathedral	floor	False
cloak	greenbelt	False
rifle	magazine	False
clarinet	coleslaw	False
bottle	artifact	True
lizard	vertebrate	True
washer	window	False
rabbit	lion	False
toaster	artifact	True
donkey	dialogue	False
ambulance	train	False
bag	bowl	False
phone	device	True
goldfish	dolphin	False
fork	sieve	False
frigate	captain	False
elm	root	False
spinach	corn	False
lion	panther	False
pear	leaf	False
dresser	handle	False
dishwasher	glass	False
couch	dialect	False
bus	artefact	True
beet	bean	False
donkey	bannister	False
gun	shotgun	False
dishwasher	resource	False
cat	scion	False
washer	slice	False
hospital	inside	False
elm	periodical	False
fork	iron	False
dove	wharf	False
missile	fraud	False
turtle	charge	False
dove	starting	False
robe	ethno-politics	False
cathedral	duration	False
dishwasher	oven	False
apricot	produce	True
corn	house	False
train	ambulance	False
dresser	wardrobe	False
dresser	plate	False
ambulance	ag	False
plum	food	True
pineapple	food	True
sparrow	pigeon	False
garlic	beet	False
cod	incident	False
blouse	stocking	False
train	guide	False
tuna	catfish	False
dagger	carapace	False
television	understanding	False
lizard	leg	False
corn	produce	True
sparrow	weighting	False
corn	spinach	False
spinach	paddler	False
pear	plum	False
jacket	critique	False
ambulance	aqueduct	False
bag	trunk	False
television	colony	False
hotel	exterior	False
hotel	personality	False
lion	tooth	False
vest	artefact	True
frog	headwaters	False
hotel	guest	False
vest	passage	False
car	train	False
sieve	plastic	False
ferry	captain	False
wardrobe	tutorial	False
bomb	droplet	False
castle	confidence	False
lettuce	bean	False
bottle	limitation	False
robin	blackbird	False
castle	defense	True
bottle	inside	False
tuna	catcher	False
lizard	thay	False
sieve	colander	False
villa	building	True
dresser	drummer	False
ambulance	bonnet	False
dolphin	gorilla	False
apple	vitamin	False
deer	ruminant	True
battleship	frigate	False
apricot	pear	False
cloak	fiddle	False
cod	mackerel	False
catfish	greatness	False
rabbit	dolphin	False
robin	eagle	False
screwdriver	drain	False
washer	drum	False
battleship	merger	False
couch	fashion	False
screwdriver	head	False
stereo	television	False
couch	armrest	False
bag	inside	False
ambulance	bus	False
car	diesel	False
axe	sophomore	False
catfish	increase	False
guitar	downsizing	False
battleship	rudder	False
cathedral	precipice	False
eagle	offseason	False
apple	watersports	False
washer	entrance	False
frigate	download	False
celery	spinach	False
frigate	topside	False
car	behalf	False
turnip	poet	False
pine	willow	False
axe	scissor	False
willow	branch	False
axe	consulting	False
mackerel	fishbone	False
cucumber	lettuce	False
apricot	pineapple	False
carp	disease	False
robin	sparrow	False
wardrobe	clothes	False
blouse	hope	False
cathedral	dark	False
hotel	cathedral	False
birch	bark	False
deer	chordate	True
snake	head	False
vest	blouse	False
robe	set-up	False
jacket	smutte	False
ambulance	headlight	False
train	artefact	True
cathedral	crop	False
birch	noise	False
donkey	rail	False
axe	collision	False
bowl	physic	False
bag	accessory	True
rabbit	semester	False
washer	device	True
dishwasher	stereo	False
cucumber	periphery	False
goldfish	trout	False
pig	giraffe	False
train	rail	False
sieve	hole	False
deer	rabbit	False
cranberry	dignity	False
apple	headstock	False
deer	spacecraft	False
bear	principal	False
fork	cytology	False
phone	refrigerator	False
pheasant	trilogy	False
garlic	meantime	False
cathedral	building	True
shirt	backpacking	False
robe	pocket	False
sieve	dagger	False
axe	utensil	True
battleship	lipid	False
frigate	transgression	False
giraffe	trade	False
rabbit	tooth	False
gun	parent	False
villa	morning	False
bowl	prairie	False
snake	equivalence	False
bowl	bottle	False
dagger	slat	False
cod	scale	False
acacia	bark	False
vest	connection	False
pig	cat	False
missile	vehicle	True
jacket	garment	True
ambulance	dump	False
shirt	arm	False
hotel	tightrope	False
bag	basket	False
chisel	german	False
phone	hectare	False
plum	law	False
deer	pig	False
shirt	robe	False
lion	missionary	False
clarinet	joint	False
oven	door	False
cat	gorilla	False
pine	cock	False
parsley	food	True
pineapple	guitarist	False
frog	poison	False
giraffe	donkey	False
mackerel	trout	False
train	bus	False
villa	door	False
castle	floor	False
cloak	pants	False
corn	toddler	False
beet	clinician	False
rabbit	dioxide	False
bus	car	False
dagger	neighborhood	False
hospital	etc	False
bag	handle	False
car	ambulance	False
corn	lawnmower	False
bowl	glass	False
oven	fraction	False
bear	co-operative	False
couch	oesophagus	False
battleship	starboard	False
train	cutting	False
robin	mange	False
penguin	minesweeper	False
donkey	pig	False
gorilla	deer	False
flute	module	False
bear	paw	False
rabbit	publisher	False
lettuce	chippas	False
fork	scissor	False
plum	pear	False
deer	remover	False
lion	storey	False
turnip	railroad	False
sieve	hammer	False
beet	homology	False
chisel	tweezer	False
rifle	dentition	False
pine	outlaw	False
washer	toaster	False
dresser	crockery	False
tuna	fishbone	False
hotel	elevator	False
castle	researcher	False
gun	excellence	False
car	prostate	False
cloak	sock	False
washer	button	False
guitar	banjo	False
ambulance	windscreen	False
apricot	chart	False
rifle	dish	False
grasshopper	childhood	False
cod	catfish	False
deer	youngster	False
bus	publication	False
screwdriver	utensil	True
donkey	tail	False
lizard	animal	True
stereo	toy	False
dresser	preview	False
jacket	blouse	False
screwdriver	party	False
cucumber	buffer	False
bear	ranking	False
car	bus	False
hospital	campaign	False
owl	pigeon	False
snake	chordate	True
vest	button	False
dolphin	funnel	False
acacia	manuscript	False
donkey	bear	False
grasshopper	friendship	False
battleship	air	False
stereo	oven	False
blouse	tooling	False
moth	insect	True
pigeon	foot	False
deer	workplace	False
jacket	pocket	False
gun	weapon	True
dolphin	self	False
axe	tweezer	False
deer	composition	False
robin	foot	False
fork	anniversary	False
lettuce	food	True
eagle	botanist	False
bus	battleship	False
ambulance	oil	False
cucumber	produce	True
gorilla	foot	False
castle	feeling	False
donkey	initiative	False
bag	posting	False
lettuce	rain	False
hospital	window	False
robe	famine	False
cat	giraffe	False
pigeon	cornerstone	False
pear	peep	False
fork	prong	False
battleship	flood	False
grenade	device	True
cod	tail	False
oven	experience	False
penguin	gull	False
ambulance	caregiver	False
pig	boar	False
birch	generation	False
oven	generation	False
fork	field	False
pig	telemarketing	False
castle	avoidance	False
donkey	bridle	False
owl	talon	False
frigate	missile	False
parsley	corn	False
fork	father	False
jacket	trouser	False
frigate	engine	False
cathedral	inside	False
gun	device	True
goldfish	carp	False
axe	artefact	True
battleship	vehicle	True
screwdriver	point	False
frog	calendar	False
apple	peel	False
hornet	locust	False
rifle	bypass	False
oven	kilometre	False
bear	dolphin	False
penguin	robin	False
giraffe	okapi	False
moth	dung	False
dolphin	produce	False
lion	se	False
castle	house	True
bus	classic	False
parsley	cucumber	False
dolphin	Sassoon	False
hotel	lady	False
gun	missile	False
pine	acacia	False
car	radiator	False
salmon	date	False
bomb	bow	False
screwdriver	artifact	True
jacket	landfill	False
television	Pluto	False
bag	artefact	True
fork	fender	False
wardrobe	inside	False
bus	windscreen	False
frigate	scholar	False
pig	flesh	False
bowl	livestock	False
salmon	golf	False
stereo	dishwasher	False
table	furniture	True
sieve	tool	True
cathedral	roof	False
carp	barbel	False
jacket	gall	False
tuna	scale	False
dishwasher	artefact	True
snake	frog	False
donkey	rabbit	False
frigate	galley	False
oven	trust	False
beet	turnip	False
castle	date	False
willow	poplar	False
deer	flesh	False
celery	leaf	False
sieve	magnetization	False
ambulance	devil	False
shirt	tail	False
carp	vertebrate	True
stereo	washer	False
missile	elector	False
pig	ear	False
washer	dishwasher	False
sparrow	deadline	False
snake	attestation	False
jacket	kitchen	False
penguin	washbasin	False
trout	bone	False
car	fender	False
giraffe	cat	False
garlic	calibration	False
carp	ion	False
chisel	fairing	False
fork	plier	False
carp	bone	False
vest	garment	True
bowl	vessel	True
bowl	plastic	False
lion	animal	True
cod	food	True
giraffe	pluralist	False
rabbit	fight	False
giraffe	herbivore	True
owl	chordate	True
guitar	bagpipe	False
rifle	firearm	True
grenade	case	False
bomb	shotgun	False
hornet	researcher	False
stereo	history	False
rabbit	animal	True
sparrow	fatherhood	False
moth	leg	False
dishwasher	plug	False
rabbit	acreage	False
pheasant	pact	False
rifle	bullet	False
cathedral	gearbox	False
bus	forehead	False
robe	shirt	False
dresser	couch	False
catfish	voter	False
lettuce	impact	False
gun	rifle	False
frog	lung	False
robin	thrush	True
gun	charge	False
battleship	iron	False
cucumber	corn	False
lion	ear	False
garlic	celery	False
frigate	artefact	True
dresser	error	False
dagger	expectation	False
rabbit	semi	False
ferry	engine	False
bag	backpack	False
chisel	iron	False
tuna	rave	False
catfish	scale	False
poplar	branch	False
snake	believer	False
ambulance	motorbike	False
dolphin	head	False
elm	bark	False
deer	cat	False
celery	escort	False
catfish	dolphin	False
ambulance	tooth	False
ambulance	pricing	False
lizard	th	False
cucumber	spinach	False
pig	historiography	False
celery	lettuce	False
frigate	ferry	False
parsley	bean	False
rifle	chamber	False
washer	taxpayer	False
dolphin	animal	True
castle	wall	False
giraffe	jukebox	False
grasshopper	italic	False
pineapple	single-player	False
pineapple	speculator	False
ferry	vehicle	True
axe	poet	False
ferry	flippancy	False
lion	Thank	False
ferry	amino	False
pig	rabbit	False
dolphin	modification	False
eagle	dove	False
cucumber	peel	False
hotel	bedroom	False
turtle	renewal	False
chisel	rectification	False
carp	cod	False
pheasant	peacock	False
cranberry	apricot	False
cathedral	imitation	False
car	fuel	False
gun	contour	False
catfish	country	False
phone	tenet	False
car	sweat	False
hammer	scissor	False
castle	exterior	False
cod	gill	False
cloak	clothing	True
wardrobe	shelf	False
mackerel	pity	False
rifle	device	True
cat	jaguar	False
train	door	False
frog	animal	True
acacia	pine	False
screwdriver	dancing	False
cathedral	penny	False
stereo	tape	False
trout	fish	True
giraffe	off-road	False
dolphin	donkey	False
lion	deer	False
spinach	turnip	False
castle	anniversary	False
dove	owl	False
train	customer	False
catfish	vertebrate	True
train	coach	False
lion	density	False
cucumber	tape	False
dagger	light	False
dishwasher	fraternity	False
dolphin	trout	False
car	light	False
willow	bark	False
lion	PDF	False
hornet	burner	False
turnip	lettuce	False
lizard	premises	False
gorilla	ear	False
rabbit	ecommerce	False
chisel	closet	False
battleship	poop	False
oven	grill	False
pig	deer	False
deer	reductase	False
bag	off-the-shelf	False
beet	chaplain	False
clarinet	hole	False
hammer	ashram	False
ambulance	sauna	False
cat	tail	False
screwdriver	vintner	False
moth	firewall	False
frigate	win	False
frigate	desire	False
robin	penguin	False
battleship	ship	True
pineapple	papaya	False
hammer	ring	False
grenade	Jew	False
rabbit	pig	False
cat	animal	True
washer	hovercraft	False
washer	plug	False
dagger	billy	False
frigate	fighting	False
birch	catkin	False
bear	coke	False
spinach	tyre	False
rabbit	carousel	False
car	handbrake	False
robe	stocking	False
couch	wardrobe	False
lizard	tail	False
dolphin	tuna	False
gorilla	dolphin	False
tuna	goldfish	False
goldfish	catfish	False
cathedral	drag	False
ambulance	education	False
elm	V	False
washer	advice	False
turnip	produce	True
car	stock	False
rabbit	cat	False
willow	bole	False
dove	make-up	False
dolphin	partition	False
robin	commuter	False
frigate	caravel	False
villa	bedroom	False
elm	acacia	False
robin	owl	False
cloak	artefact	True
jacket	cuff	False
toaster	washer	False
grenade	arm	True
lion	scandal	False
dresser	watchtower	False
garlic	sevens	False
turtle	animal	True
snake	loan	False
poplar	leaf	False
missile	ediff-merge-with-ancestor	False
donkey	horseback	False
toaster	presentation	False
giraffe	zebra	False
bottle	plate	False
hammer	handle	False
grasshopper	shell	False
eagle	groundwater	False
castle	lodging	True
villa	kitchen	False
missile	putrefaction	False
donkey	animal	True
sparrow	animal	True
dishwasher	oscillator	False
pigeon	vertebrate	True
flute	suggestion	False
pig	post-season	False
eagle	enrollee	False
turtle	lizard	False
catfish	gill	False
dolphin	park	False
gun	dagger	False
sparrow	mit	False
pear	fruit	True
oven	general	False
ambulance	web	False
dove	blink	False
cathedral	sacristy	False
battleship	topside	False
turnip	bark	False
table	artifact	True
battleship	heat	False
car	passenger	False
dresser	clothing	False
phone	artifact	True
sparrow	eagle	False
penguin	glycogen	False
bowl	globalisation	False
grenade	bow	False
salmon	fish	True
castle	window	False
cathedral	door	False
shirt	pattern	False
mackerel	Druid	False
tuna	vertebrate	True
car	artefact	True
frigate	rank	False
hammer	plier	False
pig	animal	True
couch	velvet	False
chisel	blade	False
vest	hem	False
plum	double-click	False
table	functioning	False
lion	chordate	True
flute	food	False
eagle	pigeon	False
cloak	cuisine	False
dagger	bow	False
lion	rabbit	False
battleship	refund	False
acacia	root	False
willow	snack	False
willow	chapelry	False
rabbit	herbivore	True
goldfish	animal	True
bus	floor	False
frigate	melody	False
cat	paw	False
fork	pincers	False
pineapple	reverse	False
turnip	root	True
gun	childhood	False
hotel	buy	False
turnip	parsley	False
stereo	inch	False
owl	foot	False
cat	pig	False
cloak	hood	False
robe	headwaters	False
bus	tank	False
garlic	food	True
bear	peg	False
snake	tongue	False
beet	hypertension	False
robin	culture	False
donkey	wickedness	False
spinach	garlic	False
television	artifact	True
gun	capacitor	False
goldfish	grammar-school	False
goldfish	bone	False
hotel	animal	False
owl	hobble	False
battleship	mo	False
car	balcony	False
ferry	fatality	False
cranberry	pear	False
car	tank	False
bear	tooth	False
grasshopper	haulier	False
ambulance	air	False
chisel	bark	False
lion	tail	False
bottle	volume	False
washer	clothing	False
giraffe	vertebrate	True
dove	biochemistry	False
cat	biopsy	False
battleship	car	False
chisel	spokespeople	False
robe	woodland	False
trout	chordate	True
pine	elm	False
mackerel	vertebrate	True
screwdriver	reverie	False
birch	limitation	False
flute	clarinet	False
guitar	intake	False
cathedral	nave	False
trout	on-screen	False
apricot	autobiography	False
wardrobe	pants	False
jacket	nickel	False
car	ferry	False
fork	Catholicism	False
trout	fishbone	False
villa	ion	False
screwdriver	fork	False
fork	artefact	True
chisel	nutcracker	False
turtle	couple	False
corn	lettuce	False
pheasant	pigeon	False
frigate	sailor	False
tuna	scholar	False
villa	disease	False
rabbit	vertebrate	True
goldfish	cod	False
washer	rhetoric	False
phone	button	False
robin	reflexion	False
hotel	relationship	False
rifle	talk	False
lion	co-ordination	False
mackerel	R	False
beet	aluminum	False
eagle	chordate	True
battleship	caboose	False
bear	sensor	False
hammer	glycoproteins	False
ambulance	nomination	False
blouse	apron	False
clarinet	flute	False
moth	locust	False
couch	artifact	True
screwdriver	intervener	False
hammer	tweezer	False
catfish	trout	False
blouse	clothes	True
hammer	Jew	False
bottle	theorem	False
battleship	paddle	False
screwdriver	hammer	False
toaster	refrigerator	False
tuna	carb	False
oven	artifact	True
robe	periphery	False
cucumber	bubble	False
bomb	disease	False
plum	fruit	True
dove	chordate	True
blouse	clothing	True
tuna	deadline	False
rifle	charge	False
bus	ferry	False
flute	device	True
carp	testis	False
flute	hole	False
bus	tea	False
cucumber	turnip	False
robin	harbor	False
eagle	head	False
spinach	food	True
pine	drabness	False
parsley	principle	False
bus	fuel	False
garlic	spice	True
donkey	withers	False
corn	head	False
grenade	grip	False
penguin	aviator	False
bag	inaccuracy	False
catfish	animal	True
frigate	caboose	False
rifle	azalea	False
gorilla	accordionist	False
bottle	tool	False
cat	panther	False
lettuce	fundraising	False
ambulance	replacement	False
pig	hour	False
poplar	bark	False
cod	chordate	True
washer	dial	False
dolphin	blowhole	False
chisel	artefact	True
blouse	artwork	False
dolphin	tooth	False
dagger	authorisation	False
toaster	predictor	False
shirt	trouser	False
dolphin	tail	False
chisel	temperature	False
screwdriver	P	False
pig	handball	False
turnip	spinach	False
blouse	tail	False
acacia	willow	False
oven	dishwasher	False
vest	happening	False
chisel	utensil	True
chisel	hammer	False
lizard	snake	False
grasshopper	dragonfly	False
turtle	tail	False
turnip	shoulder	False
cloak	contravention	False
donkey	leg	False
sparrow	placebo	False
shirt	sweatshirt	False
pine	accusation	False
lion	implementer	False
deer	reindeer	False
frigate	icing	False
flute	safekeeping	False
catfish	replacement	False
blouse	artifact	True
castle	battlement	False
dolphin	transsexual	False
couch	merger	False
sieve	filter	True
vest	raisin	False
mackerel	goldfish	False
tuna	bone	False
hospital	obligation	False
trout	gill	False
castle	raise	False
sparrow	zeal	False
salmon	cod	False
rabbit	donkey	False
pine	poplar	False
battleship	start-up	False
fork	cross-examination	False
villa	citizen	False
battleship	funnel	False
car	necrosis	False
lizard	lens	False
pigeon	bookmarking	False
deer	antler	False
phone	observer	False
table	couch	False
mackerel	catfish	False
goldfish	tuna	False
dishwasher	concern	False
bus	defence	False
giraffe	master	False
lion	heir	False
pigeon	chordate	True
hotel	lodging	True
pear	starboard	False
jacket	sock	False
mackerel	air	False
acacia	poplar	False
vest	affinity	False
lion	footing	False
trout	animal	True
carp	trout	False
donkey	gorilla	False
oven	toaster	False
frigate	warship	True
salmon	table	False
penguin	strand	False
dolphin	theorem	False
dove	culture	False
pig	pattern	False
bowl	manuscript	False
bear	litter	False
lizard	turtle	False
cod	fish	True
car	driver	False
catfish	electrolyte	False
pigeon	hello	False
bus	density	False
frigate	bow	False
axe	grandeur	False
beet	found	False
goldfish	salmon	False
pig	semi	False
dagger	arm	True
frigate	transparency	False
frigate	showground	False
robin	self-government	False
bear	organisation	False
sieve	iron	False
ferry	fore	False
dolphin	fuel	False
jacket	rave	False
lizard	treatment	False
turnip	beet	False
washer	download	False
snake	tail	False
bag	plastic	False
elm	plague	False
dresser	cut	False
goldfish	mapping	False
tuna	cod	False
washer	revolt	False
guitar	body	False
train	iron	False
battleship	helm	False
missile	device	True
dagger	grip	False
bottle	circuitry	False
washer	agreement	False
gorilla	speech	False
flute	artefact	True
ambulance	odor	False
chisel	head	False
shirt	Trojan	False
owl	motorway	False
villa	replacement	False
cathedral	synagogue	False
bus	factsheets	False
sparrow	dove	False
cathedral	pulpit	False
pig	baggage	False
table	advance	False
missile	click	False
dolphin	mackerel	False
flute	Nazism	False
moth	ladybug	False
mackerel	salmon	False
car	floor	False
train	steam	False
bus	headlight	False
axe	fork	False
chisel	tail	False
bomb	device	True
donkey	fiefdom	False
rifle	bow	False
castle	interior	False
hospital	castle	False
car	extreme	False
parsley	rosemary	False
spinach	faction	False
dagger	godfather	False
battleship	artifact	True
parsley	celery	False
moth	scrapbook	False
trout	check	False
chisel	advice	False
castle	dolphin	False
couch	snap	False
poplar	program	False
jacket	fracture	False
bus	artifact	True
pheasant	penguin	False
mackerel	fish	True
robe	abuse	False
cathedral	bench	False
television	approach	False
rifle	handle	False
axe	tool	True
lizard	frog	False
gorilla	rabbit	False
trout	Presbyterian	False
stereo	toaster	False
frigate	sewer	False
vest	battlefield	False
mackerel	bone	False
donkey	compromise	False
jacket	pants	False
catfish	tail	False
pigeon	rump	False
hotel	degree	False
guitar	flute	False
dolphin	giraffe	False
stereo	plastic	False
apple	pineapple	False
bowl	steamboat	False
trout	food	True
carp	blight	False
hotel	case	False
hospital	purpose	False
elm	weak	False
jacket	cloak	False
pig	transplantation	False
goldfish	mackerel	False
gun	ammo	False
bear	head	False
plum	juice	False
tuna	shell	False
willow	catkin	False
hammer	anvil	False
shirt	dread	False
pine	root	False
train	poisoning	False
cod	splice	False
eagle	adjuster	False
ambulance	bookstore	False
chisel	point	False
dresser	leg	False
trout	carp	False
washer	artifact	True
trout	BCS	False
frog	leg	False
dolphin	chordate	True
corn	garlic	False
donkey	aesthetic	False
hornet	dragonfly	False
frigate	artifact	True
hammer	axe	False
rifle	stock	False
turnip	cucumber	False
battleship	vessel	True
dolphin	cetacean	True
deer	worship	False
missile	offer	False
gorilla	ramp	False
giraffe	pig	False
birch	poplar	False
flute	sax	False
ambulance	nest	False
wardrobe	lead	False
train	thou	False
turtle	food	True
willow	nightclub	False
toaster	dishwasher	False
goldfish	fish	True
flute	nickel	False
pheasant	Druid	False
cod	geography	False
poplar	willow	False
mackerel	cod	False
beet	sermon	False
beet	cucumber	False
turtle	sugar	False
pheasant	relegation	False
cucumber	sub-genre	False
parsley	leaf	False
car	plate	False
apricot	fluency	False
washer	woodland	False
robin	rump	False
rifle	ventricle	False
sparrow	fritillary	False
battleship	lobbyist	False
chisel	sieve	False
ferry	drawing	False
frigate	bus	False
trout	mackerel	False
spinach	beet	False
hornet	analogue	False
fork	landfall	False
robin	chordate	True
chisel	tool	True
mackerel	head	False
jacket	shirt	False
bag	circumcision	False
cathedral	window	False
dagger	bomb	False
wardrobe	ma	False
television	arrears	False
salmon	post-season	False
toaster	device	True
hammer	FSA	False
clarinet	seam	False
willow	favor	False
goldfish	gill	False
catfish	food	True
dresser	tithe	False
dishwasher	toaster	False
acacia	limb	False
grenade	dagger	False
pigeon	doorstep	False
bomb	hypermedia	False
frigate	road	False
hotel	shot	False
donkey	dog	False
flute	mandolin	False
villa	floor	False
pig	pork	False
shirt	brow-clutching	False
axe	handle	False
rifle	gun	True
bag	exterior	False
television	psychologist	False
ferry	tea	False
hammer	agreement	False
ambulance	passenger	False
elm	branch	False
ambulance	review	False
poplar	data	False
moth	inflorescence	False
deer	ambience	False
castle	defence	True
cat	essence	False
ambulance	runner-up	False
bear	lion	False
tuna	playlist	False
ferry	battleship	False
plum	worktop	False
moth	bee	False
donkey	meantime	False
dagger	thatgovernment	False
salmon	diver	False
hornet	grasshopper	False
battleship	fore	False
bus	roof	False
television	cc	False
guitar	mandolin	False
clarinet	Persian	False
owl	roadmap	False
train	engine	False
screwdriver	poignancy	False
bowl	laptop	False
flute	garlic	False
trout	cod	False
dagger	point	False
elm	trunk	False
sieve	axe	False
carp	tuna	False
bomb	gun	False
dove	glass	False
screwdriver	plastic	False
ambulance	program	False
beet	lettuce	False
penguin	animal	True
snake	treatment	False
couch	extent	False
shirt	artifact	True
sparrow	passerine	True
frigate	turret	False
bottle	glass	False
trout	scale	False
train	grace	False
carp	thank	False
television	plastic	False
willow	leaf	False
hornet	stinger	False
penguin	sensor	False
gorilla	donkey	False
penguin	inmate	False
goldfish	crystal	False
rifle	grenade	False
cucumber	seafront	False
dove	dishcloth	False
gun	remover	False
pineapple	leaf	False
penguin	seabird	True
bus	vehicle	True
owl	eagle	False
corn	turnip	False
couch	artefact	True
blouse	assertion	False
cathedral	empire	False
lettuce	garlic	False
fork	cutlery	True
dagger	scabbard	False
ferry	genetics	False
sieve	scalpel	False
sieve	artefact	True
missile	bow	False
deer	herbivore	True
ambulance	existance	False
salmon	chordate	True
parsley	cilantro	False
bus	phone	False
robin	concatenation	False
lion	office	False
wardrobe	couch	False
plum	produce	True
wardrobe	programmer	False
hospital	floor	False
frigate	huntsman	False
parsley	formulation	False
pear	fraud	False
sparrow	motive	False
clarinet	artefact	True
castle	brush	False
bottle	cap	False
corn	deletion	False
cathedral	cross	False
lettuce	turnip	False
goldfish	corset	False
beet	symposium	False
blouse	pocket	False
giraffe	lounge	False
bottle	jug	False
bus	ambulance	False
clarinet	empire	False
deer	leg	False
castle	law	False
train	artifact	True
lizard	education	False
shirt	sabotage	False
rifle	missile	False
castle	kitchen	False
cod	column	False
battleship	artefact	True
hornet	modicum	False
guitar	light	False
parsley	minimalism	False
trout	rt	False
cucumber	food	True
celery	fiber	False
hornet	obedience	False
garlic	bean	False
spinach	celery	False
bus	em	False
guitar	abductor	False
gorilla	sugar	False
bowl	axe	False
gun	bullet	False
pine	bark	False
clarinet	Scrooge	False
washer	personnel	False
dishwasher	lantern	False
flute	kazoo	False
bomb	memo	False
carp	tail	False
goldfish	tail	False
poplar	trunk	False
giraffe	tooth	False
turnip	zombie	False
penguin	lectureship	False
clarinet	drum	False
rabbit	leg	False
salmon	fishbone	False
cranberry	fruit	True
trout	mineral	False
shirt	pocket	False
hospital	harm	False
jacket	button	False
car	phono	False
robe	rhythm	False
bowl	food	False
dagger	artifact	True
robin	iron	False
beet	sister	False
ambulance	car	False
cat	dagger	False
train	lunch	False
castle	information	False
cloak	underpants	False
wardrobe	expert	False
bus	driver	False
carp	chordate	True
shirt	trainee	False
donkey	scope	False
rifle	earth	False
television	monitor	False
cod	animal	True
gun	mycobacterium	False
dagger	game	False
hornet	bee	False
pheasant	dove	False
donkey	vertebrate	True
cloak	shirt	False
deer	head	False
oven	phone	False
jacket	pattern	False
robe	brigade-adjutant	False
bus	reactor	False
catfish	barbel	False
cloak	garment	True
washer	boot	False
donkey	cat	False
sieve	tweezer	False
car	battleship	False
bowl	life	False
gorilla	vertebrate	True
carp	dolphin	False
tuna	head	False
blouse	hem	False
cranberry	berry	True
shirt	dermatitis	False
blouse	structural-weak	False
bottle	utensil	True
giraffe	scientist	False
bowl	artefact	True
fork	axe	False
chisel	pincers	False
car	guideline	False
cloak	robe	False
robe	doorknob	False
castle	histogram	False
bear	dog	False
cod	tuna	False
bottle	liquid	False
beet	aswell	False
lion	heath	False
penguin	documentation	False
cat	municipality	False
vest	triplet	False
villa	hotel	False
grenade	encore	False
turtle	head	False
dolphin	goldfish	False
missile	rocket	True
guitar	score	False
bus	malt	False
dagger	magazine	False
castle	hospital	False
jacket	competitor	False
spinach	voter	False
rabbit	grid	False
dishwasher	inside	False
carp	animal	True
pine	tree	True
screwdriver	tool	True
ferry	trench	False
lion	Gothic	False
apple	cranberry	False
washer	telephone	False
blouse	metric	False
bus	display	False
apricot	compromise	False
oven	refrigerator	False
blouse	hallway	False
cat	Torah	False
wardrobe	destruction	False
lettuce	parsley	False
dishwasher	identity	False
car	hood	False
acacia	nappy	False
vest	apron	False
cloak	mask	False
giraffe	coalition	False
fork	regulation	False
hotel	tavern	False
pigeon	head	False
snake	panto	False
owl	preacher	False
goldfish	chordate	True
flute	harmonica	False
train	window	False
poplar	pine	False
turnip	grit	False
missile	head	False
frog	gill	False
couch	auspice	False
pheasant	rump	False
spinach	parsley	False
bus	tire	False
owl	interlude	False
cod	carp	False
oven	constituent	False
bus	daughter	False
sparrow	foot	False
car	interior	False
ambulance	plate	False
villa	assistance	False
castle	accommodation	True
dresser	furniture	True
washer	artefact	True
gun	monastery	False
snake	vertebrate	True
deer	pixel	False
deer	tail	False
pheasant	nightie	False
cloak	email	False
screwdriver	axe	False
wardrobe	shell	False
washer	homepage	False
trout	knowledge	False
missile	Jesuit	False
shirt	sleeve	False
bowl	lung	False
pineapple	heyday	False
robe	sock	False
cloak	trouser	False
dolphin	lion	False
missile	grenade	False
giraffe	animal	True
salmon	ticket	False
dagger	curate	False
dagger	dedication	False
bus	punter	False
clarinet	entrance	False
corn	parsley	False
wardrobe	garment	False
bottle	microphone	False
pine	elocution	False
gun	magazine	False
rabbit	tuberculosis	False
mackerel	knowledge	False
clarinet	mogul	False
car	madman	False
oven	researcher	False
gorilla	head	False
blouse	lounge	False
rifle	espn	False
plum	apricot	False
television	policy	False
wardrobe	allegation	False
donkey	ge	False
car	window	False
flute	banjo	False
ambulance	tire	False
blouse	button	False
table	artefact	True
hospital	cathedral	False
celery	beet	False
lion	jaguar	False
ambulance	floor	False
bear	rocket	False
table	drawers	False
elm	poplar	False
villa	castle	False
frigate	helm	False
dishwasher	silverware	False
rifle	bore	False
cat	lion	False
parsley	chameleon	False
rabbit	provocation	False
giraffe	head	False
cathedral	controversy	False
elm	backbencher	False
castle	bedroom	False
salmon	scale	False
dresser	acceleration	False
lion	v	False
bus	compartment	False
bus	oil	False
toaster	inside	False
poplar	bole	False
robe	pants	False
willow	totality	False
dishwasher	television	False
bus	bonnet	False
car	trunk	False
wardrobe	dietetics	False
penguin	woman	False
flute	minimalism	False
stereo	thank	False
dagger	gun	False
lion	stream	False
ambulance	testing	False
cloak	vest	False
apricot	fruit	True
toaster	drive	False
snake	tooth	False
television	fuselage	False
train	degree	False
missile	scholar	False
elm	willow	False
tuna	refuse	False
frog	president	False
train	effort	False
castle	handheld	False
dishwasher	detergent	False
hammer	screwdriver	False
ambulance	engine	False
bus	function	False
grenade	gun	False
hotel	parking	False
bomb	grip	False
owl	rump	False
screwdriver	scissor	False
bottle	mass	False
sparrow	stoker	False
apricot	hypermarket	False
lion	bear	False
bear	boxer	False
axe	artifact	True
jacket	lighting	False
trout	head	False
ferry	prow	False
dolphin	economy	False
apple	Goth	False
tuna	resolution	False
pineapple	noon	False
train	ferry	False
carp	fish	True
dove	sparrow	False
eagle	raptor	True
screwdriver	trade	False
jacket	weblog	False
tuna	installation	False
dishwasher	engine	False
screwdriver	oratory	False
goldfish	head	False
toaster	engine	False
penguin	lifter	False
catfish	fish	True
couch	coach	False
hornet	moth	False
jacket	tail	False
celery	remininscences	False
cranberry	apple	False
goldfish	pharmacist	False
phone	bark	False
cathedral	steeple	False
flute	width	False
cod	bone	False
cloak	jacket	False
flute	drum	False
giraffe	pp	False
grenade	glucose	False
jacket	subject	False
grenade	recruitment	False
battleship	courtesy	False
rifle	artifact	True
cathedral	hotel	False
dagger	handle	False
eagle	hype	False
deer	brew	False
gorilla	recreation	False
gorilla	weight	False
turnip	Tory	False
frigate	hotel	False
willow	birch	False
cranberry	plum	False
salmon	goldfish	False
stereo	phone	False
pheasant	policyholder	False
frigate	blackface	False
parsley	sage	False
missile	circumcision	False
bomb	rifle	False
ferry	concept	False
robin	wart	False
villa	stairs	False
shirt	fleece	False
goldfish	vertebrate	True
dove	network	False
bus	gasoline	False
sieve	handle	False
pheasant	vertebrate	True
stereo	kit	False
pheasant	hydroxide	False
clarinet	bore	False
cathedral	castle	False
celery	produce	True
television	stereo	False
bottle	rd	False
ferry	pearl	False
axe	pincers	False
clarinet	reassurance	False
snake	turtle	False
dagger	missile	False
robe	enforcer	False
battleship	plantation	False
tuna	food	True
table	dresser	False
giraffe	deer	False
tuna	language	False
train	bomb	False
television	artefact	True
parsley	turnip	False
car	equation	False
turnip	corn	False
hammer	utensil	True
bear	animal	True
chisel	LaserJet	False
penguin	chordate	True
bear	magnitude	False
train	car	False
donkey	weighting	False
grasshopper	insect	True
chisel	artifact	True
hospital	interior	False
cat	rocket	False
train	anything	False
battleship	ferry	False
pigeon	sparrow	False
bus	lamp	False
sieve	developer	False
mackerel	carp	False
screwdriver	chisel	False
couch	foot	False
missile	weapon	True
dishwasher	graduating	False
fork	tool	True
axe	ostrich	False
car	guidance	False
hammer	confectionery	False
oven	stereo	False
shirt	cloak	False
ambulance	navigation	False
frigate	bulwark	False
cat	bear	False
dolphin	vertebrate	True
wardrobe	subscriber	False
frog	joint	False
sieve	distension	False
penguin	head	False
donkey	inflorescence	False
frog	candidacy	False
chisel	horror-humor	False
washer	inside	False
goldfish	scale	False
apricot	play	False
apple	enclosure	False
axe	start-up	False
catfish	cod	False
owl	ancient	False
axe	weapon	True
robe	deficit	False
cod	salmon	False
vest	extremepie	False
dresser	apostolate	False
lettuce	Commision	False
bus	science	False
dolphin	courtroom	False
guitar	footnote	False
robe	apron	False
bus	trunk	False
grasshopper	head	False
pheasant	robin	False
poplar	washington	False
cucumber	Urdu	False
penguin	vertebrate	True
bomb	artifact	True
deer	withers	False
turtle	scale	False
fork	kerosene	False
hornet	screen	False
bear	rabbit	False
corn	food	True
apple	plum	False
castle	stairs	False
bowl	restriction	False
television	equipment	True
donkey	hair	False
villa	house	True
axe	photon	False
apple	backdrop	False
goldfish	thinking	False
eagle	foot	False
apple	polythene	False
villa	borrower	False
frog	terminal	False
pine	tooling	False
carp	fishbone	False
villa	window	False
phone	party	False
catfish	bone	False
cloak	recurrence	False
cranberry	down	False
spinach	sweatshirt	False
vest	nameserver	False
car	motorbike	False
gun	brefeldianum	False
car	frigate	False
turnip	horseradish	False
clarinet	mandolin	False
trout	dolphin	False
screwdriver	predictor	False
frigate	vehicle	True
castle	week	False
grasshopper	line	False
battleship	bulwark	False
sieve	enhance	False
tuna	trout	False
hotel	villa	False
dishwasher	door	False
bowl	instruction	False
stereo	ticket	False
mackerel	example	False
vest	sock	False
flute	artifact	True
cranberry	produce	True
pigeon	eagle	False
cathedral	char	False
pineapple	plum	False
wardrobe	hope	False
frigate	treacle	False
snake	shortlist	False
celery	scratch	False
gorilla	ape	True
frigate	canoe	False
bear	mosaic	False
bus	engine	False
blouse	implementation	False
car	homeless	False
parsley	produce	True
missile	point	False
eagle	pheasant	False
hammer	nutcracker	False
tuna	mackerel	False
flute	quote	False
pig	lion	False
ambulance	aspect	False
rabbit	insulation	False
willow	answer	False
train	rear	False
frigate	sub-committee	False
grasshopper	bug	True
missile	pathogen	False
train	passenger	False
missile	wrestler	False
hammer	artifact	True
deer	viewer	False
cucumber	passer-by	False
hotel	shop	False
stereo	telephone	False
castle	guest	False
jacket	fleece	False
cucumber	beet	False
vest	jacket	False
carp	scale	False
battleship	sailor	False
axe	scalpel	False
owl	robin	False
penguin	foot	False
robe	something	False
bottle	vessel	True
ambulance	gasoline	False
hammer	mort	False
beet	food	True
owl	pheasant	False
train	point	False
hotel	door	False
television	telephone	False
acacia	stumble	False
sieve	confessor	False
cucumber	corrosion	False
grenade	mucosa	False
corn	decade	False
bus	motorbike	False
dresser	shelf	False
jacket	monarch	False
acacia	impact	False
ambulance	radiator	False
blouse	drug	False
hospital	hotel	False
dagger	blade	False
bomb	dagger	False
beet	bout	False
screwdriver	nutcracker	False
dove	foot	False
cat	dog	False
trout	rider	False
acacia	tree	True
mackerel	gill	False
frigate	gun	False
donkey	deer	False
axe	travel	False
catfish	head	False
bus	inside	False
screwdriver	nutrition	False
ferry	rudder	False
dishwasher	refrigerator	False
shirt	jacket	False
robin	earring	False
lion	waterbed	False
jacket	hood	False
gorilla	dog	False
battleship	captain	False
dagger	kelp	False
bus	answer	False
catfish	salmon	False
trout	salmon	False
chisel	handle	False
jacket	sweatshirt	False
fork	proxy	False
celery	garlic	False
turtle	foot	False
cat	head	False
cod	goldfish	False
blouse	sensor	False
bus	handbrake	False
battleship	tank	False
poplar	sacrament	False
dove	pheasant	False
snake	cake	False
carp	gill	False
frigate	funnel	False
shirt	stocking	False
ferry	artefact	True
dagger	shotgun	False
pheasant	foot	False
screwdriver	plier	False
apple	intake	False
lizard	tongue	False
giraffe	grant	False
apricot	apple	False
giraffe	chordate	True
ferry	bus	False
phone	holiday	False
bus	heading	False
corn	modernisation	False
clarinet	bagpipe	False
elm	bole	False
television	dollar	False
bomb	marketing	False
bag	interior	False
fork	climate-change	False
plum	peel	False
grenade	petrol	False
ambulance	door	False
rifle	weapon	True
bear	jaw	False
vest	artifact	True
bowl	mobster	False
tuna	overlay	False
axe	coast	False
bomb	shell	False
hospital	building	True
cod	trio	False
fork	hammer	False
car	headlight	False
corn	carbohydrate	False
pigeon	cargo	False
dolphin	cod	False
grenade	artefact	True
gun	bomb	False
missile	bomb	False
car	compartment	False
beet	productivity	False
bomb	missile	False
gun	stock	False
guitar	arrangement	False
blouse	sleeve	False
bus	reef	False
tuna	carp	False
bomb	detonator	False
frigate	link	False
acacia	eyelid	False
frigate	craft	True
guitar	twenty-one	False
battleship	bulkhead	False
cat	feminism	False
hornet	ladybug	False
hospital	exterior	False
grasshopper	animal	True
ambulance	frigate	False
rabbit	giraffe	False
battleship	decree	False
clarinet	curate	False
villa	banking	False
clarinet	banjo	False
giraffe	tongue	False
bomb	glutamate	False
salmon	hug	False
gun	northeast	False
pineapple	holocaust	False
grenade	haunting	False
train	vineyard	False
giraffe	defamation	False
willow	juicer	False
bowl	plate	False
birch	pine	False
battleship	caravel	False
cranberry	quarantine	False
train	market	False
ambulance	tank	False
bowl	inside	False
owl	raptor	True
clarinet	washington	False
flute	trombone	False
rifle	gun	False
poplar	dereliction	False
train	battleship	False
birch	labor	False
cod	trout	False
parsley	soundtrack	False
stereo	therapist	False
blouse	sock	False
washer	finance	False
castle	dwelling	True
blouse	lobbyist	False
phone	gadget	True
guitar	device	True
robe	artefact	True
car	oil	False
robe	buy	False
pig	Pole	False
pheasant	samurai	False
cod	dolphin	False
jacket	Anti-Terrorism	False
guitar	liturgy	False
toaster	plug	False
rifle	ecotourism	False
pineapple	shell	False
dishwasher	appropriateness	False
ambulance	paramedic	False
bear	giraffe	False
jacket	clothes	True
giraffe	spiritualism	False
clarinet	harmonica	False
cucumber	parsley	False
missile	engine	False
mackerel	proposal	False
train	pair	False
cloak	apron	False
hospital	ward	False
apple	juice	False
grasshopper	bus	False
clarinet	trombone	False
birch	limb	False
castle	term	False
shirt	hem	False
moth	approx	False
missile	gun	False
wardrobe	dresser	False
lizard	head	False
blouse	vest	False
ambulance	driver	False
screwdriver	scalpel	False
missile	wallpaper	False
ambulance	ferry	False
catfish	fishbone	False
table	razor	False
frigate	ambulance	False
fork	fishing	False
celery	turnip	False
deer	telephone	False
cat	donkey	False
willow	grammar-school	False
oven	pitfall	False
beet	down	False
fork	dhamma	False
car	artifact	True
shirt	clothing	True
oven	plug	False
stereo	device	True
bus	hospital	False
battleship	bow	False
fork	malnutrition	False
blouse	fleece	False
battleship	craft	True
trout	kiln	False
bag	cent	False
elm	winkle	False
mackerel	food	True
cloak	organisation	False
car	fitness	False
snake	animal	True
pineapple	subunit	False
gun	factsheets	False
pine	conifer	True
wardrobe	blouse	False
cloak	torque	False
robe	clothes	True
donkey	hoof	False
