gorilla	isa	pig	0
pig	isa	bear	0
jacket	isa	shoulder	0
dishwasher	isa	speech	0
bomb	isa	grenade	0
pigeon	isa	disdain	0
penguin	isa	sparrow	0
sieve	isa	info	0
cathedral	isa	wall	0
hammer	isa	nail	0
guitar	isa	vote	0
hammer	isa	sieve	0
television	isa	folk	0
gun	isa	artefact	1
bear	isa	ear	0
tuna	isa	animal	1
salmon	isa	vertebrate	1
vest	isa	cloak	0
dolphin	isa	salmon	0
mackerel	isa	tail	0
stereo	isa	bacterium	0
hammer	isa	artefact	1
hammer	isa	scalpel	0
carp	isa	surety	0
rifle	isa	remover	0
hotel	isa	audience	0
gorilla	isa	chordate	1
gun	isa	trigger	0
ambulance	isa	t	0
apricot	isa	food	1
phone	isa	polymer	0
vest	isa	pants	0
eagle	isa	juice	0
spinach	isa	nuisance	0
dishwasher	isa	famine	0
toaster	isa	passage	0
celery	isa	lizard	0
stereo	isa	headphone	0
deer	isa	lion	0
donkey	isa	dolphin	0
jacket	isa	clothing	1
washer	isa	engine	0
dresser	isa	artifact	1
screwdriver	isa	cadaver	0
bus	isa	radiator	0
washer	isa	stereo	0
pigeon	isa	animal	1
bomb	isa	elocution	0
eagle	isa	vertebrate	1
hospital	isa	door	0
hotel	isa	stairs	0
sieve	isa	pincers	0
garlic	isa	produce	1
grenade	isa	shell	0
celery	isa	max	0
oven	isa	tee	0
jacket	isa	gameplay	0
vest	isa	clothes	1
giraffe	isa	mustache	0
apple	isa	produce	1
carp	isa	merchandising	0
birch	isa	elm	0
moth	isa	hornet	0
stereo	isa	recorder	0
train	isa	frigate	0
robin	isa	passerine	1
dishwasher	isa	telephone	0
pineapple	isa	cranberry	0
penguin	isa	pheasant	0
cod	isa	dishcloth	0
pine	isa	birch	0
snake	isa	scale	0
acacia	isa	leaf	0
pheasant	isa	sparrow	0
bowl	isa	shock	0
bear	isa	deer	0
frog	isa	lizard	0
clarinet	isa	boxer	0
hornet	isa	straightaway	0
frog	isa	review	0
battleship	isa	teacher	0
hotel	isa	roof	0
jacket	isa	reef	0
gorilla	isa	tooth	0
bowl	isa	unit	0
poplar	isa	root	0
axe	isa	blade	0
car	isa	utility	0
turtle	isa	chordate	1
frigate	isa	interpretation	0
cat	isa	pitch	0
hornet	isa	layout	0
bag	isa	artifact	1
screwdriver	isa	allowance	0
pear	isa	cranberry	0
phone	isa	dishwasher	0
television	isa	intolerance	0
salmon	isa	food	1
missile	isa	swimming-pool	0
phone	isa	artillery	0
hammer	isa	midfielders	0
pigeon	isa	robin	0
pig	isa	rye	0
blouse	isa	cloak	0
car	isa	briefing	0
corn	isa	beet	0
giraffe	isa	leg	0
bus	isa	fulfillment	0
shirt	isa	mythology	0
deer	isa	ray	0
pine	isa	limb	0
screwdriver	isa	handle	0
corn	isa	introduction	0
ferry	isa	artifact	1
couch	isa	innings	0
mackerel	isa	animal	1
pheasant	isa	detriment	0
moth	isa	railroad	0
battleship	isa	ambulance	0
bottle	isa	artefact	1
castle	isa	door	0
dagger	isa	forte	0
deer	isa	correlation	0
pigeon	isa	privateer	0
bag	isa	resection	0
oven	isa	washer	0
pineapple	isa	apricot	0
bag	isa	domination	0
dolphin	isa	pig	0
phone	isa	oven	0
pine	isa	branch	0
blouse	isa	insider	0
jacket	isa	enrolment	0
wardrobe	isa	jacket	0
dove	isa	cab	0
dishwasher	isa	button	0
castle	isa	cathedral	0
plum	isa	refund	0
car	isa	vehicle	1
beet	isa	leaf	0
sparrow	isa	rump	0
hotel	isa	window	0
gun	isa	grenade	0
lion	isa	dh	0
cathedral	isa	punk	0
dishwasher	isa	cutlery	0
bus	isa	frigate	0
couch	isa	safeguard	0
pheasant	isa	eagle	0
bus	isa	petrol	0
hospital	isa	star	0
gorilla	isa	cathode	0
bear	isa	vertebrate	1
eagle	isa	rump	0
battleship	isa	linguistics	0
axe	isa	drape	0
lion	isa	fine	0
toaster	isa	scholarship	0
villa	isa	month	0
bowl	isa	exterior	0
toaster	isa	bread	0
hornet	isa	cagoule	0
clarinet	isa	guitar	0
villa	isa	exterior	0
owl	isa	animal	1
turtle	isa	salt	0
hammer	isa	pincers	0
washer	isa	impact	0
robin	isa	pigeon	0
dishwasher	isa	dial	0
bear	isa	men	0
grasshopper	isa	dissatisfaction	0
blouse	isa	shirt	0
pineapple	isa	juice	0
gorilla	isa	trial	0
rifle	isa	dog	0
garlic	isa	corn	0
cucumber	isa	celery	0
chisel	isa	axe	0
pine	isa	customer	0
apricot	isa	pre-school	0
television	isa	oven	0
washer	isa	notice	0
giraffe	isa	scratch	0
hotel	isa	interior	0
phone	isa	stereo	0
sparrow	isa	chordate	1
lettuce	isa	krill	0
missile	isa	country	0
flute	isa	tomb	0
blouse	isa	inclosure	0
stereo	isa	piece	0
toaster	isa	camcorder	0
rabbit	isa	terror	0
acacia	isa	bole	0
gun	isa	grip	0
lion	isa	giraffe	0
hammer	isa	kda	0
frigate	isa	poop	0
giraffe	isa	technique	0
blouse	isa	underpants	0
parsley	isa	autumn	0
guitar	isa	background-color	0
stereo	isa	lawn	0
rabbit	isa	food	1
grasshopper	isa	hornet	0
phone	isa	goody	0
gorilla	isa	giraffe	0
bus	isa	magazine	0
phone	isa	plastic	0
ferry	isa	passenger	0
deer	isa	vertebrate	1
ambulance	isa	conversion	0
pigeon	isa	penguin	0
lizard	isa	scale	0
toaster	isa	artefact	1
donkey	isa	artillery	0
hammer	isa	excursion	0
pheasant	isa	anti-virus	0
train	isa	waterway	0
rabbit	isa	vhf	0
dagger	isa	grenade	0
rabbit	isa	can	0
stereo	isa	surfing	0
poplar	isa	pork	0
ambulance	isa	fender	0
cathedral	isa	synagog	0
cranberry	isa	panchayats	0
pig	isa	hoof	0
donkey	isa	escort	0
hammer	isa	fork	0
couch	isa	proxy	0
hotel	isa	variety	0
castle	isa	bathroom	0
bus	isa	plate	0
bottle	isa	bowl	0
vest	isa	complexity	0
garlic	isa	hallway	0
frigate	isa	denouement	0
cucumber	isa	mischief	0
lettuce	isa	ornament	0
fork	isa	thoroughfare	0
beet	isa	celery	0
robe	isa	cloak	0
ambulance	isa	grill	0
plum	isa	p	0
guitar	isa	wart	0
pigeon	isa	design	0
screwdriver	isa	set-up	0
hospital	isa	thesis	0
owl	isa	penguin	0
phone	isa	dial	0
salmon	isa	observance	0
toaster	isa	oven	0
lizard	isa	salamander	0
cloak	isa	cafeteria	0
blouse	isa	artefact	1
hospital	isa	staff	0
rabbit	isa	hare	0
stereo	isa	plug	0
beet	isa	mavoc	0
penguin	isa	hypermedia	0
goldfish	isa	label	0
shirt	isa	button	0
battleship	isa	canoe	0
rifle	isa	equivalent	0
pheasant	isa	partition	0
rabbit	isa	bog	0
apricot	isa	cranberry	0
frigate	isa	survival	0
moth	isa	order	0
dagger	isa	viewer	0
rifle	isa	figure	0
shirt	isa	chess	0
fork	isa	leg	0
phone	isa	toaster	0
ambulance	isa	roof	0
snake	isa	protagonist	0
table	isa	wardrobe	0
bus	isa	temperament	0
mackerel	isa	refurbishment	0
hotel	isa	building	1
cloak	isa	artifact	1
giraffe	isa	grin	0
castle	isa	hotel	0
frigate	isa	florin	0
oven	isa	device	1
battleship	isa	travelogue	0
missile	isa	shotgun	0
couch	isa	dresser	0
dove	isa	robin	0
grenade	isa	replacement	0
donkey	isa	door	0
blouse	isa	input	0
table	isa	noon	0
toaster	isa	phone	0
missile	isa	artefact	1
salmon	isa	carp	0
shirt	isa	nes	0
battleship	isa	birch	0
cloak	isa	sweatshirt	0
robin	isa	cfc	0
dove	isa	congregation	0
apple	isa	bunk	0
guitar	isa	peg	0
robin	isa	permanence	0
sieve	isa	fork	0
pineapple	isa	vitamin	0
cranberry	isa	brother	0
grenade	isa	sentencing	0
robe	isa	reason	0
rifle	isa	motivation	0
chisel	isa	scalpel	0
pheasant	isa	arming	0
stereo	isa	holiday	0
blouse	isa	barrel	0
axe	isa	cutlery	1
eagle	isa	robin	0
vest	isa	trouser	0
shirt	isa	star	0
vest	isa	clothing	1
ferry	isa	frigate	0
parsley	isa	moth	0
acacia	isa	knock-on	0
cathedral	isa	h	0
apricot	isa	juice	0
fork	isa	utensil	1
car	isa	trilogy	0
television	isa	farewell	0
lizard	isa	n	0
dove	isa	penguin	0
hornet	isa	effectiveness	0
cloak	isa	blouse	0
rifle	isa	on-air	0
giraffe	isa	dolphin	0
frog	isa	chordate	1
hotel	isa	pellet	0
jacket	isa	apron	0
frog	isa	tongue	0
dresser	isa	table	0
ambulance	isa	petrol	0
oven	isa	telephone	0
jacket	isa	stocking	0
gorilla	isa	animal	1
rabbit	isa	bear	0
snake	isa	plastic	0
penguin	isa	energy	0
dishwasher	isa	dish	0
lion	isa	donkey	0
villa	isa	tb	0
apricot	isa	plum	0
pine	isa	naming	0
eagle	isa	shopping	0
poplar	isa	masterclasses	0
washer	isa	basket	0
bus	isa	pardon	0
bag	isa	luggage	1
gun	isa	somebody	0
snake	isa	poison	0
robin	isa	head	0
car	isa	reality	0
hotel	isa	hospital	0
elm	isa	birch	0
lion	isa	dash	0
sieve	isa	attrition	0
bus	isa	contracting	0
car	isa	calibre	0
bottle	isa	bag	0
mackerel	isa	earl	0
sieve	isa	personality	0
car	isa	rear	0
hornet	isa	animal	1
dolphin	isa	expression	0
television	isa	thank	0
bus	isa	field	0
couch	isa	arm	0
robin	isa	primetime	0
dove	isa	serum	0
washer	isa	television	0
blouse	isa	sweatshirt	0
battleship	isa	quote	0
deer	isa	hoof	0
frog	isa	toad	0
trout	isa	vertebrate	1
deer	isa	dolphin	0
clarinet	isa	device	1
vest	isa	warning	0
carp	isa	catfish	0
vest	isa	stocking	0
pineapple	isa	mango	0
table	isa	cloth	0
cathedral	isa	hospital	0
pigeon	isa	swim	0
lion	isa	dog	0
apricot	isa	warning	0
moth	isa	overexertion	0
vest	isa	drink	0
bottle	isa	beer	0
pig	isa	head	0
television	isa	tube	0
axe	isa	spitfire	0
rabbit	isa	vest	0
hotel	isa	accommodation	1
bowl	isa	artifact	1
cat	isa	general	0
bus	isa	door	0
pig	isa	dolphin	0
stereo	isa	artefact	1
car	isa	colour	0
screwdriver	isa	thalidomide	0
battleship	isa	serbia	0
apple	isa	apricot	0
blouse	isa	childhood	0
shirt	isa	destiny	0
hotel	isa	crime	0
grenade	isa	bomb	0
robe	isa	ruminant	0
pig	isa	trotter	0
fork	isa	screwdriver	0
hotel	isa	effectiveness	0
screwdriver	isa	hour	0
mackerel	isa	dolphin	0
poplar	isa	elm	0
shirt	isa	searching	0
castle	isa	recipe	0
catfish	isa	chordate	1
shirt	isa	sock	0
frog	isa	wart	0
tuna	isa	castle	0
hotel	isa	inside	0
willow	isa	elm	0
fork	isa	handle	0
oven	isa	pump	0
corn	isa	celery	0
vest	isa	fleece	0
pear	isa	discovery	0
chisel	isa	lighthouse	0
donkey	isa	rein	0
frigate	isa	battleship	0
blouse	isa	robe	0
robin	isa	oriole	0
apple	isa	fruit	1
dolphin	isa	carp	0
hotel	isa	suite	0
gorilla	isa	disability	0
sieve	isa	gambler	0
castle	isa	geography	0
cranberry	isa	pineapple	0
cucumber	isa	garlic	0
frigate	isa	iron	0
television	isa	outing	0
stereo	isa	era	0
table	isa	debtor	0
guitar	isa	harmonica	0
dishwasher	isa	intimacy	0
chisel	isa	tb	0
giraffe	isa	rabbit	0
blouse	isa	ballot	0
chisel	isa	licensing	0
dresser	isa	brief	0
trout	isa	distension	0
ferry	isa	twin	0
cod	isa	reply	0
toaster	isa	television	0
cathedral	isa	danu	0
blouse	isa	bricklayer	0
penguin	isa	operator	0
hammer	isa	postponement	0
bus	isa	colour	0
shirt	isa	garment	1
lizard	isa	someone	0
frog	isa	foot	0
apple	isa	sub-committee	0
dagger	isa	affirmation	0
clarinet	isa	kazoo	0
dishwasher	isa	advice	0
phone	isa	cord	0
pigeon	isa	gules	0
pig	isa	dog	0
dresser	isa	foot	0
cathedral	isa	crypt	0
ambulance	isa	graft	0
cathedral	isa	safety	0
eagle	isa	animal	1
vest	isa	robe	0
vest	isa	vacuum-cleaner	0
grasshopper	isa	body	0
shirt	isa	underpants	0
pear	isa	food	1
missile	isa	quarry	0
dishwasher	isa	celebration	0
jacket	isa	vest	0
phone	isa	tray	0
gorilla	isa	qualifier	0
bowl	isa	interior	0
donkey	isa	screenwriting	0
catfish	isa	carp	0
tuna	isa	entrant	0
poplar	isa	strike	0
eagle	isa	nostalgia	0
corn	isa	impairment	0
table	isa	th	0
blouse	isa	rapper	0
bear	isa	punctuality	0
owl	isa	head	0
pigeon	isa	upgrade	0
apple	isa	somebody	0
battleship	isa	peace	0
dishwasher	isa	summary	0
robin	isa	freshman	0
blouse	isa	economy	0
shirt	isa	b	0
gorilla	isa	window	0
train	isa	freshman	0
stereo	isa	merger	0
snake	isa	cabinet	0
missile	isa	rocket	0
hotel	isa	century	0
carp	isa	memorial	0
grasshopper	isa	bee	0
pig	isa	leg	0
frigate	isa	prow	0
goldfish	isa	fishbone	0
lion	isa	dolphin	0
garlic	isa	turnip	0
jacket	isa	sleeve	0
rabbit	isa	gorilla	0
mackerel	isa	bus	0
bus	isa	hood	0
blouse	isa	sinceskillpromotion	0
frog	isa	snake	0
pigeon	isa	blackbird	0
cod	isa	divisor	0
phone	isa	television	0
table	isa	clarity	0
snake	isa	toad	0
grenade	isa	shotgun	0
grenade	isa	weapon	1
pineapple	isa	standpoint	0
stereo	isa	woofer	0
gorilla	isa	lion	0
hornet	isa	insect	1
sieve	isa	allowance	0
bottle	isa	exterior	0
oven	isa	behavior	0
train	isa	interior	0
pine	isa	bole	0
salmon	isa	figure	0
rifle	isa	shotgun	0
ferry	isa	recruitment	0
lettuce	isa	leaf	0
birch	isa	branch	0
eagle	isa	fader	0
lettuce	isa	produce	1
lion	isa	jaw	0
corn	isa	ear	0
robe	isa	superconstruction	0
hotel	isa	pool	0
frigate	isa	vessel	1
ambulance	isa	country	0
robe	isa	jacket	0
birch	isa	fiscal	0
frog	isa	bone	0
blouse	isa	pants	0
guitar	isa	drum	0
salmon	isa	bone	0
hotel	isa	customer	0
tuna	isa	customer	0
willow	isa	acacia	0
pear	isa	peel	0
toaster	isa	fragment	0
celery	isa	corn	0
bomb	isa	levy	0
bus	isa	chromosome	0
bottle	isa	trader	0
gorilla	isa	proposal	0
dolphin	isa	constituent	0
flute	isa	milestone	0
screwdriver	isa	artefact	1
turnip	isa	food	1
spinach	isa	bean	0
gorilla	isa	arcade	0
willow	isa	root	0
moth	isa	dragonfly	0
gun	isa	interior	0
pig	isa	gorilla	0
deer	isa	animal	1
snake	isa	crocodile	0
plum	isa	respiration	0
castle	isa	donut	0
pineapple	isa	behavioural	0
car	isa	windscreen	0
bus	isa	sponsor	0
battleship	isa	constituency	0
pig	isa	deadline	0
robin	isa	distension	0
eagle	isa	coastline	0
vest	isa	occupier	0
penguin	isa	dove	0
celery	isa	crux	0
frigate	isa	fore	0
pheasant	isa	hallmark	0
pigeon	isa	conference	0
television	isa	dishwasher	0
salmon	isa	tail	0
giraffe	isa	borehole	0
trout	isa	tuna	0
mackerel	isa	pas	0
poplar	isa	recipe	0
catfish	isa	goldfish	0
missile	isa	arm	1
sparrow	isa	cent	0
dagger	isa	bronze	0
oven	isa	artefact	1
gun	isa	bore	0
gorilla	isa	cat	0
ambulance	isa	idiophreak	0
lion	isa	airman	0
bear	isa	loyalty	0
ambulance	isa	hood	0
goldfish	isa	snowdrift	0
washer	isa	eighty	0
bottle	isa	interior	0
grasshopper	isa	gold	0
dishwasher	isa	donation	0
plum	isa	apple	0
hotel	isa	effort	0
ambulance	isa	vehicle	1
donkey	isa	pane	0
cod	isa	nj	0
apple	isa	dressage	0
castle	isa	inside	0
moth	isa	reredos	0
sparrow	isa	vertebrate	1
cloak	isa	clothes	1
pineapple	isa	peel	0
train	isa	diesel	0
trout	isa	pollution	0
stereo	isa	stays	0
pig	isa	swine	1
pineapple	isa	joe	0
spinach	isa	box-office	0
gorilla	isa	chimpanzee	0
penguin	isa	teddy	0
bomb	isa	luscan	0
dolphin	isa	tender	0
dishwasher	isa	cup	0
catfish	isa	ranking	0
missile	isa	mm	0
clarinet	isa	blood	0
frigate	isa	train	0
train	isa	entry	0
robin	isa	handicap	0
robe	isa	oval	0
dolphin	isa	dog	0
hospital	isa	notice	0
axe	isa	critic	0
bear	isa	chordate	1
cathedral	isa	portal	0
bowl	isa	routine	0
grenade	isa	detonator	0
apple	isa	food	1
dolphin	isa	deer	0
villa	isa	guest	0
bag	isa	paper	0
shirt	isa	hobby	0
oven	isa	food	0
hammer	isa	sledgehammer	0
dagger	isa	rifle	0
willow	isa	battleship	0
bag	isa	lion	0
giraffe	isa	lion	0
bus	isa	cheetah	0
television	isa	washer	0
car	isa	roof	0
pear	isa	chemical	0
giraffe	isa	ear	0
hospital	isa	district	0
sieve	isa	screwdriver	0
plum	isa	cranberry	0
screwdriver	isa	pincers	0
battleship	isa	gun	0
sieve	isa	chisel	0
deer	isa	hr	0
giraffe	isa	oven	0
dishwasher	isa	switchover	0
spinach	isa	lettuce	0
ambulance	isa	inside	0
mackerel	isa	scale	0
deer	isa	dust	0
lion	isa	head	0
acacia	isa	disease	0
gorilla	isa	leg	0
lettuce	isa	celery	0
cathedral	isa	busker	0
pig	isa	donkey	0
battleship	isa	turret	0
dove	isa	blackbird	0
pig	isa	behalf	0
moth	isa	head	0
phone	isa	temp	0
phone	isa	artefact	1
phone	isa	clearance	0
bus	isa	seatbelt	0
jacket	isa	arm	0
guitar	isa	sax	0
hotel	isa	county	0
blouse	isa	jacket	0
dishwasher	isa	plate	0
cloak	isa	angling	0
cranberry	isa	morale	0
rifle	isa	holder	0
bear	isa	plasticine	0
willow	isa	tree	1
acacia	isa	boat	0
sieve	isa	plate	0
bus	isa	hobby	0
bus	isa	crocodile	0
dresser	isa	search	0
car	isa	predictor	0
ambulance	isa	gap	0
dishwasher	isa	resident	0
washer	isa	oven	0
corn	isa	procurement	0
hospital	isa	clinic	0
bag	isa	case	0
axe	isa	dagger	0
dagger	isa	pommel	0
apple	isa	pear	0
fork	isa	shrub	0
donkey	isa	chordate	1
missile	isa	artifact	1
pineapple	isa	pear	0
pear	isa	produce	1
clarinet	isa	barrel	0
bomb	isa	limitation	0
bottle	isa	profit	0
bag	isa	table	0
giraffe	isa	foot	0
gorilla	isa	snowdrift	0
lion	isa	bomb	0
fork	isa	plastic	0
willow	isa	pine	0
ambulance	isa	trickle	0
hornet	isa	stock	0
plum	isa	advice	0
goldfish	isa	governance	0
battleship	isa	jaunt	0
penguin	isa	owl	0
sparrow	isa	penguin	0
screwdriver	isa	sieve	0
chisel	isa	screwdriver	0
ferry	isa	train	0
rifle	isa	trigger	0
frigate	isa	sassoon	0
penguin	isa	renewal	0
screwdriver	isa	iron	0
corn	isa	expand	0
bag	isa	kiln	0
screwdriver	isa	textbox	0
carp	isa	temperature	0
lion	isa	vertebrate	1
bus	isa	window	0
bottle	isa	spotlight	0
apricot	isa	charity	0
couch	isa	leg	0
beet	isa	garlic	0
fork	isa	chisel	0
gorilla	isa	function	0
corn	isa	cereal	1
toaster	isa	element	0
cat	isa	fracas	0
wardrobe	isa	ignorance	0
ambulance	isa	gymnasium	0
guitar	isa	hole	0
birch	isa	tree	1
grenade	isa	rifle	0
acacia	isa	branch	0
train	isa	quadrant	0
tuna	isa	salmon	0
fork	isa	artifact	1
rabbit	isa	chordate	1
stereo	isa	reservation	0
bomb	isa	artefact	1
cat	isa	province	0
jacket	isa	artefact	1
television	isa	device	1
rifle	isa	vow	0
grasshopper	isa	locust	0
ferry	isa	ambulance	0
donkey	isa	policeman	0
oven	isa	television	0
salmon	isa	mackerel	0
carp	isa	goldfish	0
lion	isa	bootlegger	0
penguin	isa	gauntlet	0
poplar	isa	birch	0
stereo	isa	microphone	0
vest	isa	sweatshirt	0
gun	isa	bow	0
oven	isa	debut	0
hammer	isa	fare	0
chisel	isa	scissor	0
shirt	isa	clothes	1
train	isa	carriage	0
bottle	isa	plastic	0
missile	isa	papacy	0
lizard	isa	chameleon	0
screwdriver	isa	tweezer	0
acacia	isa	mezzo-soprano	0
pheasant	isa	address	0
jacket	isa	underpants	0
jacket	isa	hearing	0
hospital	isa	platinum	0
cat	isa	ear	0
axe	isa	accession	0
pheasant	isa	trail	0
turnip	isa	celery	0
robe	isa	isis	0
screwdriver	isa	jacket	0
eagle	isa	ladle	0
hornet	isa	head	0
ambulance	isa	battleship	0
table	isa	foot	0
castle	isa	queen	0
bottle	isa	impact	0
turtle	isa	apoptosis	0
cathedral	isa	throughput	0
bear	isa	bobby	0
turtle	isa	shell	0
cat	isa	fanatic	0
lettuce	isa	beet	0
turtle	isa	snake	0
blouse	isa	proprietor	0
lion	isa	cat	0
fork	isa	removal	0
ambulance	isa	light	0
carp	isa	slant	0
dishwasher	isa	artifact	1
axe	isa	skunk	0
bear	isa	donkey	0
elm	isa	markup	0
dove	isa	bounce	0
shirt	isa	contract	0
hospital	isa	table	0
hospital	isa	roof	0
pheasant	isa	game	1
villa	isa	bathroom	0
acacia	isa	birch	0
grenade	isa	expression	0
robin	isa	curling	0
cathedral	isa	discretion	0
guitar	isa	artifact	1
robe	isa	trouser	0
cod	isa	fishbone	0
chisel	isa	fear	0
bus	isa	immigration	0
vest	isa	space	0
chisel	isa	serving	0
corn	isa	neglect	0
lizard	isa	consolidation	0
carp	isa	champagne	0
dishwasher	isa	motorway	0
bowl	isa	ceramic	0
plum	isa	latitude	0
blouse	isa	monotropitin	0
guitar	isa	artefact	1
eagle	isa	stuff	0
lettuce	isa	cucumber	0
bottle	isa	flag	0
toaster	isa	building	0
bowl	isa	cereal	0
dishwasher	isa	afterlife	0
apple	isa	modification	0
pear	isa	juice	0
guitar	isa	report	0
spinach	isa	conservator	0
castle	isa	turret	0
cat	isa	leg	0
rabbit	isa	tail	0
dresser	isa	artefact	1
missile	isa	liner	0
rifle	isa	councillor	0
screwdriver	isa	mnemonic	0
television	isa	screen	0
apricot	isa	indebtedness	0
lettuce	isa	ward	0
stereo	isa	scenario	0
hotel	isa	histogram	0
trout	isa	treat	0
oven	isa	removal	0
gorilla	isa	hair	0
snake	isa	bone	0
cat	isa	ditch	0
carp	isa	food	1
grasshopper	isa	ladybug	0
carp	isa	salmon	0
guitar	isa	kazoo	0
willow	isa	trunk	0
deer	isa	bear	0
missile	isa	dagger	0
carp	isa	head	0
villa	isa	dwelling	1
dove	isa	animal	1
pigeon	isa	pheasant	0
frigate	isa	starboard	0
chisel	isa	betel	0
cucumber	isa	bean	0
hospital	isa	education	0
rifle	isa	elector	0
chisel	isa	wallpaper	0
castle	isa	dungeon	0
robe	isa	funder	0
chisel	isa	market	0
salmon	isa	tuna	0
lizard	isa	chordate	1
moth	isa	animal	1
ambulance	isa	interior	0
gun	isa	handle	0
frigate	isa	fine	0
giraffe	isa	tail	0
vest	isa	sauna	0
car	isa	antibiotic	0
ferry	isa	producer	0
spinach	isa	iron	0
gun	isa	libel	0
cucumber	isa	unwillingness	0
wardrobe	isa	artefact	1
grasshopper	isa	leg	0
cat	isa	deer	0
owl	isa	axiom	0
blouse	isa	cuff	0
pigeon	isa	dove	0
car	isa	door	0
elm	isa	reformation	0
villa	isa	game	0
turnip	isa	leaf	0
turnip	isa	garlic	0
axe	isa	head	0
gorilla	isa	dune	0
apricot	isa	advisor	0
ambulance	isa	artifact	1
cathedral	isa	activation	0
bomb	isa	weapon	1
axe	isa	ecology-conservation	0
rifle	isa	ammo	0
spinach	isa	surveying	0
eagle	isa	striker	0
grenade	isa	artifact	1
car	isa	inside	0
robe	isa	shoulder	0
pig	isa	foot	0
villa	isa	effectiveness	0
goldfish	isa	guitar	0
gorilla	isa	contract	0
robe	isa	vest	0
vest	isa	anaesthesia	0
villa	isa	furniture	0
castle	isa	year-olds	0
dolphin	isa	descent	0
hammer	isa	head	0
turnip	isa	additive	0
gun	isa	chamber	0
apple	isa	marshland	0
villa	isa	hospital	0
birch	isa	root	0
dolphin	isa	bone	0
plum	isa	bump	0
car	isa	tire	0
train	isa	tongue	0
bottle	isa	label	0
guitar	isa	remain	0
robin	isa	animal	1
rifle	isa	artefact	1
beet	isa	corn	0
rabbit	isa	kit	0
hospital	isa	symmetry	0
parsley	isa	poet	0
garlic	isa	petrol	0
robe	isa	arch	0
cat	isa	badminton	0
washer	isa	mi	0
blouse	isa	trouser	0
guitar	isa	clarinet	0
washer	isa	clothes	0
dove	isa	eagle	0
hotel	isa	floor	0
jacket	isa	peril	0
villa	isa	lodging	1
turtle	isa	projector	0
bus	isa	train	0
cloak	isa	stocking	0
clarinet	isa	artifact	1
robe	isa	garment	1
grasshopper	isa	crimestoppers	0
celery	isa	hacker	0
giraffe	isa	bear	0
dove	isa	vertebrate	1
bus	isa	flagship	0
guitar	isa	trombone	0
fork	isa	tooth	0
bus	isa	telly	0
bomb	isa	thoroughfare	0
spinach	isa	produce	1
hammer	isa	fanbearer	0
sieve	isa	enhancement	0
bag	isa	presbyterian	0
turtle	isa	leg	0
deer	isa	dog	0
birch	isa	leaf	0
dishwasher	isa	cluster	0
bowl	isa	bag	0
garlic	isa	prisoner	0
cloak	isa	youngster	0
hospital	isa	school	0
moth	isa	secession	0
birch	isa	hopelessness	0
hotel	isa	comprehension	0
ferry	isa	sailor	0
corn	isa	madman	0
hotel	isa	lobby	0
moth	isa	grasshopper	0
axe	isa	clearance	0
frigate	isa	ship	1
donkey	isa	lion	0
deer	isa	impala	0
car	isa	seatbelt	0
dresser	isa	ore	0
dove	isa	alleyway	0
elm	isa	leaf	0
eagle	isa	sparrow	0
frigate	isa	bulkhead	0
cat	isa	indication	0
hotel	isa	grower	0
pear	isa	kind	0
cathedral	isa	consumer	0
tuna	isa	grab	0
couch	isa	one-off	0
cranberry	isa	torque	0
hospital	isa	cargo	0
jacket	isa	lapel	0
turtle	isa	frog	0
acacia	isa	trunk	0
battleship	isa	galley	0
rifle	isa	nucleotide	0
bus	isa	well-being	0
donkey	isa	ear	0
hammer	isa	ad-hoc	0
garlic	isa	bypass	0
hotel	isa	jump	0
hospital	isa	unit	0
shirt	isa	barrel	0
robe	isa	artifact	1
grenade	isa	drummer	0
gun	isa	egotism	0
ferry	isa	bow	0
clarinet	isa	linux	0
catfish	isa	tee	0
ferry	isa	maker	0
ferry	isa	iron	0
phone	isa	equipment	1
fork	isa	plate	0
sieve	isa	utensil	1
owl	isa	vertebrate	1
missile	isa	warhead	0
penguin	isa	rump	0
battleship	isa	camel	0
hospital	isa	office	0
pine	isa	cholesterol	0
bus	isa	diesel	0
cucumber	isa	sacrament	0
poplar	isa	tree	1
villa	isa	incident	0
robin	isa	pheasant	0
bowl	isa	jug	0
cloak	isa	regular	0
parsley	isa	garlic	0
wardrobe	isa	door	0
garlic	isa	parsley	0
battleship	isa	bus	0
donkey	isa	foot	0
ambulance	isa	rear	0
sparrow	isa	robin	0
chisel	isa	fork	0
donkey	isa	thigh	0
fork	isa	nutcracker	0
dresser	isa	spot	0
robin	isa	disagreement	0
axe	isa	queer	0
hotel	isa	beat	0
jacket	isa	abstract	0
cathedral	isa	rate	0
frigate	isa	sponge	0
dishwasher	isa	washer	0
lion	isa	leg	0
screwdriver	isa	screw	0
table	isa	aftermath	0
donkey	isa	head	0
bowl	isa	liquid	0
bomb	isa	arm	1
fork	isa	head	0
pine	isa	trunk	0
grenade	isa	apostle	0
trout	isa	hour	0
sparrow	isa	citizen	0
jacket	isa	hem	0
washer	isa	patter	0
pig	isa	chordate	1
jacket	isa	celebratory	0
turnip	isa	clarity	0
trout	isa	background-color	0
pear	isa	apple	0
cat	isa	dolphin	0
axe	isa	sieve	0
gun	isa	arm	1
birch	isa	acacia	0
penguin	isa	eagle	0
salmon	isa	animal	1
stereo	isa	artifact	1
mackerel	isa	ingrate	0
shirt	isa	apron	0
deer	isa	gorilla	0
ferry	isa	car	0
robe	isa	forearm	0
cloak	isa	co-exist	0
sparrow	isa	pheasant	0
pear	isa	peasant	0
pear	isa	apricot	0
television	isa	refrigerator	0
stereo	isa	equipment	1
willow	isa	search	0
robin	isa	rebranding	0
pig	isa	performance	0
battleship	isa	thesis	0
rifle	isa	stardom	0
clarinet	isa	sax	0
lion	isa	twin	0
dresser	isa	cutlery	0
poplar	isa	connect	0
beet	isa	parsley	0
screwdriver	isa	substation	0
axe	isa	chisel	0
robe	isa	clothing	1
owl	isa	dove	0
dagger	isa	device	1
cloak	isa	sleeve	0
spinach	isa	leaf	0
dagger	isa	rapper	0
pheasant	isa	chordate	1
giraffe	isa	dog	0
washer	isa	windscreen	0
beet	isa	root	1
fork	isa	tweezer	0
couch	isa	yesterday	0
frog	isa	vertebrate	1
shirt	isa	artefact	1
couch	isa	table	0
hospital	isa	villa	0
robe	isa	rail	0
hotel	isa	revenge	0
poplar	isa	acacia	0
fork	isa	level	0
garlic	isa	spinach	0
car	isa	bonnet	0
bus	isa	light	0
gorilla	isa	sailor	0
garlic	isa	cucumber	0
sparrow	isa	head	0
catfish	isa	mackerel	0
car	isa	gasoline	0
cathedral	isa	altar	0
spinach	isa	manga	0
toaster	isa	telephone	0
vest	isa	pericycle	0
moth	isa	telephone	0
ferry	isa	vessel	1
elm	isa	burst	0
pheasant	isa	head	0
rifle	isa	conjunction	0
robe	isa	underpants	0
dolphin	isa	bear	0
battleship	isa	judgment	0
villa	isa	regulation	0
frog	isa	turtle	0
frigate	isa	car	0
robe	isa	biodiesel	0
catfish	isa	tuna	0
shirt	isa	pants	0
car	isa	photo	0
rifle	isa	bomb	0
willow	isa	limb	0
sieve	isa	artifact	1
tuna	isa	dolphin	0
chisel	isa	domino	0
cat	isa	rabbit	0
trout	isa	tail	0
pineapple	isa	listener	0
plum	isa	gunman	0
car	isa	charity	0
carp	isa	awkwardness	0
wardrobe	isa	jute	0
ambulance	isa	supplier	0
gorilla	isa	primate	1
snake	isa	grammar-school	0
pineapple	isa	produce	1
corn	isa	specifier	0
parsley	isa	kulpahar	0
apricot	isa	stockist	0
deer	isa	ear	0
snake	isa	mixture	0
cucumber	isa	bottle	0
turnip	isa	bean	0
wardrobe	isa	clothing	0
donkey	isa	herbivore	1
trout	isa	catfish	0
clarinet	isa	ad-hoc	0
chisel	isa	fable	0
train	isa	caboose	0
battleship	isa	prow	0
carp	isa	trespasser	0
rabbit	isa	head	0
dishwasher	isa	phone	0
deer	isa	shame	0
turtle	isa	vertebrate	1
battleship	isa	train	0
owl	isa	sparrow	0
villa	isa	roof	0
sieve	isa	glass	0
hotel	isa	ms	0
donkey	isa	read	0
cranberry	isa	food	1
tuna	isa	coursework	0
villa	isa	rug	0
phone	isa	turmoil	0
missile	isa	rifle	0
bowl	isa	colour	0
bus	isa	interior	0
lion	isa	minstrel	0
washer	isa	detergent	0
parsley	isa	beet	0
gorilla	isa	wastage	0
robin	isa	dove	0
lettuce	isa	corn	0
birch	isa	paragraph	0
ambulance	isa	fuel	0
ambulance	isa	statue	0
eagle	isa	penguin	0
lettuce	isa	spinach	0
elm	isa	internationalist	0
ferry	isa	kind	0
grenade	isa	missile	0
salmon	isa	dolphin	0
television	isa	plug	0
television	isa	probe	0
pear	isa	make-up	0
lizard	isa	ptolemy	0
dishwasher	isa	device	1
cathedral	isa	mosque	0
bomb	isa	follower	0
donkey	isa	giraffe	0
ambulance	isa	mayor	0
ambulance	isa	equation	0
flute	isa	guitar	0
apple	isa	leaf	0
gun	isa	adventure	0
hammer	isa	re-hedging	0
battleship	isa	engine	0
sieve	isa	weekday	0
rabbit	isa	deer	0
villa	isa	inside	0
vest	isa	handbook	0
cat	isa	vertebrate	1
beet	isa	produce	1
ferry	isa	caravel	0
frigate	isa	beginner	0
trout	isa	goldfish	0
guitar	isa	vagina	0
owl	isa	isp	0
ferry	isa	boat	1
vest	isa	detector	0
train	isa	vehicle	1
castle	isa	visitor	0
mackerel	isa	tuna	0
bowl	isa	cycle	0
cathedral	isa	floor	0
cloak	isa	greenbelt	0
rifle	isa	magazine	0
clarinet	isa	coleslaw	0
bottle	isa	artifact	1
lizard	isa	vertebrate	1
washer	isa	window	0
rabbit	isa	lion	0
toaster	isa	artifact	1
donkey	isa	dialogue	0
ambulance	isa	train	0
bag	isa	bowl	0
phone	isa	device	1
goldfish	isa	dolphin	0
fork	isa	sieve	0
frigate	isa	captain	0
elm	isa	root	0
spinach	isa	corn	0
lion	isa	panther	0
pear	isa	leaf	0
dresser	isa	handle	0
dishwasher	isa	glass	0
couch	isa	dialect	0
bus	isa	artefact	1
beet	isa	bean	0
donkey	isa	bannister	0
gun	isa	shotgun	0
dishwasher	isa	resource	0
cat	isa	scion	0
washer	isa	slice	0
hospital	isa	inside	0
elm	isa	periodical	0
fork	isa	iron	0
dove	isa	wharf	0
missile	isa	fraud	0
turtle	isa	charge	0
dove	isa	starting	0
robe	isa	ethno-politics	0
cathedral	isa	duration	0
dishwasher	isa	oven	0
apricot	isa	produce	1
corn	isa	house	0
train	isa	ambulance	0
dresser	isa	wardrobe	0
dresser	isa	plate	0
ambulance	isa	ag	0
plum	isa	food	1
pineapple	isa	food	1
sparrow	isa	pigeon	0
garlic	isa	beet	0
cod	isa	incident	0
blouse	isa	stocking	0
train	isa	guide	0
tuna	isa	catfish	0
dagger	isa	carapace	0
television	isa	understanding	0
lizard	isa	leg	0
corn	isa	produce	1
sparrow	isa	weighting	0
corn	isa	spinach	0
spinach	isa	paddler	0
pear	isa	plum	0
jacket	isa	critique	0
ambulance	isa	aqueduct	0
bag	isa	trunk	0
television	isa	colony	0
hotel	isa	exterior	0
hotel	isa	personality	0
lion	isa	tooth	0
vest	isa	artefact	1
frog	isa	headwaters	0
hotel	isa	guest	0
vest	isa	passage	0
car	isa	train	0
sieve	isa	plastic	0
ferry	isa	captain	0
wardrobe	isa	tutorial	0
bomb	isa	droplet	0
castle	isa	confidence	0
lettuce	isa	bean	0
bottle	isa	limitation	0
robin	isa	blackbird	0
castle	isa	defense	1
bottle	isa	inside	0
tuna	isa	catcher	0
lizard	isa	thay	0
sieve	isa	colander	0
villa	isa	building	1
dresser	isa	drummer	0
ambulance	isa	bonnet	0
dolphin	isa	gorilla	0
apple	isa	vitamin	0
deer	isa	ruminant	1
battleship	isa	frigate	0
apricot	isa	pear	0
cloak	isa	fiddle	0
cod	isa	mackerel	0
catfish	isa	greatness	0
rabbit	isa	dolphin	0
robin	isa	eagle	0
screwdriver	isa	drain	0
washer	isa	drum	0
battleship	isa	merger	0
couch	isa	fashion	0
screwdriver	isa	head	0
stereo	isa	television	0
couch	isa	armrest	0
bag	isa	inside	0
ambulance	isa	bus	0
car	isa	diesel	0
axe	isa	sophomore	0
catfish	isa	increase	0
guitar	isa	downsizing	0
battleship	isa	rudder	0
cathedral	isa	precipice	0
eagle	isa	offseason	0
apple	isa	watersports	0
washer	isa	entrance	0
frigate	isa	download	0
celery	isa	spinach	0
frigate	isa	topside	0
car	isa	behalf	0
turnip	isa	poet	0
pine	isa	willow	0
axe	isa	scissor	0
willow	isa	branch	0
axe	isa	consulting	0
mackerel	isa	fishbone	0
cucumber	isa	lettuce	0
apricot	isa	pineapple	0
carp	isa	disease	0
robin	isa	sparrow	0
wardrobe	isa	clothes	0
blouse	isa	hope	0
cathedral	isa	dark	0
hotel	isa	cathedral	0
birch	isa	bark	0
deer	isa	chordate	1
snake	isa	head	0
vest	isa	blouse	0
robe	isa	set-up	0
jacket	isa	smutte	0
ambulance	isa	headlight	0
train	isa	artefact	1
cathedral	isa	crop	0
birch	isa	noise	0
donkey	isa	rail	0
axe	isa	collision	0
bowl	isa	physic	0
bag	isa	accessory	1
rabbit	isa	semester	0
washer	isa	device	1
dishwasher	isa	stereo	0
cucumber	isa	periphery	0
goldfish	isa	trout	0
pig	isa	giraffe	0
train	isa	rail	0
sieve	isa	hole	0
deer	isa	rabbit	0
cranberry	isa	dignity	0
apple	isa	headstock	0
deer	isa	spacecraft	0
bear	isa	principal	0
fork	isa	cytology	0
phone	isa	refrigerator	0
pheasant	isa	trilogy	0
garlic	isa	meantime	0
cathedral	isa	building	1
shirt	isa	backpacking	0
robe	isa	pocket	0
sieve	isa	dagger	0
axe	isa	utensil	1
battleship	isa	lipid	0
frigate	isa	transgression	0
giraffe	isa	trade	0
rabbit	isa	tooth	0
gun	isa	parent	0
villa	isa	morning	0
bowl	isa	prairie	0
snake	isa	equivalence	0
bowl	isa	bottle	0
dagger	isa	slat	0
cod	isa	scale	0
acacia	isa	bark	0
vest	isa	connection	0
pig	isa	cat	0
missile	isa	vehicle	1
jacket	isa	garment	1
ambulance	isa	dump	0
shirt	isa	arm	0
hotel	isa	tightrope	0
bag	isa	basket	0
chisel	isa	german	0
phone	isa	hectare	0
plum	isa	law	0
deer	isa	pig	0
shirt	isa	robe	0
lion	isa	missionary	0
clarinet	isa	joint	0
oven	isa	door	0
cat	isa	gorilla	0
pine	isa	cock	0
parsley	isa	food	1
pineapple	isa	guitarist	0
frog	isa	poison	0
giraffe	isa	donkey	0
mackerel	isa	trout	0
train	isa	bus	0
villa	isa	door	0
castle	isa	floor	0
cloak	isa	pants	0
corn	isa	toddler	0
beet	isa	clinician	0
rabbit	isa	dioxide	0
bus	isa	car	0
dagger	isa	neighborhood	0
hospital	isa	etc	0
bag	isa	handle	0
car	isa	ambulance	0
corn	isa	lawnmower	0
bowl	isa	glass	0
oven	isa	fraction	0
bear	isa	co-operative	0
couch	isa	oesophagus	0
battleship	isa	starboard	0
train	isa	cutting	0
robin	isa	mange	0
penguin	isa	minesweeper	0
donkey	isa	pig	0
gorilla	isa	deer	0
flute	isa	module	0
bear	isa	paw	0
rabbit	isa	publisher	0
lettuce	isa	chippas	0
fork	isa	scissor	0
plum	isa	pear	0
deer	isa	remover	0
lion	isa	storey	0
turnip	isa	railroad	0
sieve	isa	hammer	0
beet	isa	homology	0
chisel	isa	tweezer	0
rifle	isa	dentition	0
pine	isa	outlaw	0
washer	isa	toaster	0
dresser	isa	crockery	0
tuna	isa	fishbone	0
hotel	isa	elevator	0
castle	isa	researcher	0
gun	isa	excellence	0
car	isa	prostate	0
cloak	isa	sock	0
washer	isa	button	0
guitar	isa	banjo	0
ambulance	isa	windscreen	0
apricot	isa	chart	0
rifle	isa	dish	0
grasshopper	isa	childhood	0
cod	isa	catfish	0
deer	isa	youngster	0
bus	isa	publication	0
screwdriver	isa	utensil	1
donkey	isa	tail	0
lizard	isa	animal	1
stereo	isa	toy	0
dresser	isa	preview	0
jacket	isa	blouse	0
screwdriver	isa	party	0
cucumber	isa	buffer	0
bear	isa	ranking	0
car	isa	bus	0
hospital	isa	campaign	0
owl	isa	pigeon	0
snake	isa	chordate	1
vest	isa	button	0
dolphin	isa	funnel	0
acacia	isa	manuscript	0
donkey	isa	bear	0
grasshopper	isa	friendship	0
battleship	isa	air	0
stereo	isa	oven	0
blouse	isa	tooling	0
moth	isa	insect	1
pigeon	isa	foot	0
deer	isa	workplace	0
jacket	isa	pocket	0
gun	isa	weapon	1
dolphin	isa	self	0
axe	isa	tweezer	0
deer	isa	composition	0
robin	isa	foot	0
fork	isa	anniversary	0
lettuce	isa	food	1
eagle	isa	botanist	0
bus	isa	battleship	0
ambulance	isa	oil	0
cucumber	isa	produce	1
gorilla	isa	foot	0
castle	isa	feeling	0
donkey	isa	initiative	0
bag	isa	posting	0
lettuce	isa	rain	0
hospital	isa	window	0
robe	isa	famine	0
cat	isa	giraffe	0
pigeon	isa	cornerstone	0
pear	isa	peep	0
fork	isa	prong	0
battleship	isa	flood	0
grenade	isa	device	1
cod	isa	tail	0
oven	isa	experience	0
penguin	isa	gull	0
ambulance	isa	caregiver	0
pig	isa	boar	0
birch	isa	generation	0
oven	isa	generation	0
fork	isa	field	0
pig	isa	telemarketing	0
castle	isa	avoidance	0
donkey	isa	bridle	0
owl	isa	talon	0
frigate	isa	missile	0
parsley	isa	corn	0
fork	isa	father	0
jacket	isa	trouser	0
frigate	isa	engine	0
cathedral	isa	inside	0
gun	isa	device	1
goldfish	isa	carp	0
axe	isa	artefact	1
battleship	isa	vehicle	1
screwdriver	isa	point	0
frog	isa	calendar	0
apple	isa	peel	0
hornet	isa	locust	0
rifle	isa	bypass	0
oven	isa	kilometre	0
bear	isa	dolphin	0
penguin	isa	robin	0
giraffe	isa	okapi	0
moth	isa	dung	0
dolphin	isa	produce	0
lion	isa	se	0
castle	isa	house	1
bus	isa	classic	0
parsley	isa	cucumber	0
dolphin	isa	sassoon	0
hotel	isa	lady	0
gun	isa	missile	0
pine	isa	acacia	0
car	isa	radiator	0
salmon	isa	date	0
bomb	isa	bow	0
screwdriver	isa	artifact	1
jacket	isa	landfill	0
television	isa	pluto	0
bag	isa	artefact	1
fork	isa	fender	0
wardrobe	isa	inside	0
bus	isa	windscreen	0
frigate	isa	scholar	0
pig	isa	flesh	0
bowl	isa	livestock	0
salmon	isa	golf	0
stereo	isa	dishwasher	0
table	isa	furniture	1
sieve	isa	tool	1
cathedral	isa	roof	0
carp	isa	barbel	0
jacket	isa	gall	0
tuna	isa	scale	0
dishwasher	isa	artefact	1
snake	isa	frog	0
donkey	isa	rabbit	0
frigate	isa	galley	0
oven	isa	trust	0
beet	isa	turnip	0
castle	isa	date	0
willow	isa	poplar	0
deer	isa	flesh	0
celery	isa	leaf	0
sieve	isa	magnetization	0
ambulance	isa	devil	0
shirt	isa	tail	0
carp	isa	vertebrate	1
stereo	isa	washer	0
missile	isa	elector	0
pig	isa	ear	0
washer	isa	dishwasher	0
sparrow	isa	deadline	0
snake	isa	attestation	0
jacket	isa	kitchen	0
penguin	isa	washbasin	0
trout	isa	bone	0
car	isa	fender	0
giraffe	isa	cat	0
garlic	isa	calibration	0
carp	isa	ion	0
chisel	isa	fairing	0
fork	isa	plier	0
carp	isa	bone	0
vest	isa	garment	1
bowl	isa	vessel	1
bowl	isa	plastic	0
lion	isa	animal	1
cod	isa	food	1
giraffe	isa	pluralist	0
rabbit	isa	fight	0
giraffe	isa	herbivore	1
owl	isa	chordate	1
guitar	isa	bagpipe	0
rifle	isa	firearm	1
grenade	isa	case	0
bomb	isa	shotgun	0
hornet	isa	researcher	0
stereo	isa	history	0
rabbit	isa	animal	1
sparrow	isa	fatherhood	0
moth	isa	leg	0
dishwasher	isa	plug	0
rabbit	isa	acreage	0
pheasant	isa	pact	0
rifle	isa	bullet	0
cathedral	isa	gearbox	0
bus	isa	forehead	0
robe	isa	shirt	0
dresser	isa	couch	0
catfish	isa	voter	0
lettuce	isa	impact	0
gun	isa	rifle	0
frog	isa	lung	0
robin	isa	thrush	1
gun	isa	charge	0
battleship	isa	iron	0
cucumber	isa	corn	0
lion	isa	ear	0
garlic	isa	celery	0
frigate	isa	artefact	1
dresser	isa	error	0
dagger	isa	expectation	0
rabbit	isa	semi	0
ferry	isa	engine	0
bag	isa	backpack	0
chisel	isa	iron	0
tuna	isa	rave	0
catfish	isa	scale	0
poplar	isa	branch	0
snake	isa	believer	0
ambulance	isa	motorbike	0
dolphin	isa	head	0
elm	isa	bark	0
deer	isa	cat	0
celery	isa	escort	0
catfish	isa	dolphin	0
ambulance	isa	tooth	0
ambulance	isa	pricing	0
lizard	isa	th	0
cucumber	isa	spinach	0
pig	isa	historiography	0
celery	isa	lettuce	0
frigate	isa	ferry	0
parsley	isa	bean	0
rifle	isa	chamber	0
washer	isa	taxpayer	0
dolphin	isa	animal	1
castle	isa	wall	0
giraffe	isa	jukebox	0
grasshopper	isa	italic	0
pineapple	isa	single-player	0
pineapple	isa	speculator	0
ferry	isa	vehicle	1
axe	isa	poet	0
ferry	isa	flippancy	0
lion	isa	thank	0
ferry	isa	amino	0
pig	isa	rabbit	0
dolphin	isa	modification	0
eagle	isa	dove	0
cucumber	isa	peel	0
hotel	isa	bedroom	0
turtle	isa	renewal	0
chisel	isa	rectification	0
carp	isa	cod	0
pheasant	isa	peacock	0
cranberry	isa	apricot	0
cathedral	isa	imitation	0
car	isa	fuel	0
gun	isa	contour	0
catfish	isa	country	0
phone	isa	tenet	0
car	isa	sweat	0
hammer	isa	scissor	0
castle	isa	exterior	0
cod	isa	gill	0
cloak	isa	clothing	1
wardrobe	isa	shelf	0
mackerel	isa	pity	0
rifle	isa	device	1
cat	isa	jaguar	0
train	isa	door	0
frog	isa	animal	1
acacia	isa	pine	0
screwdriver	isa	dancing	0
cathedral	isa	penny	0
stereo	isa	tape	0
trout	isa	fish	1
giraffe	isa	off-road	0
dolphin	isa	donkey	0
lion	isa	deer	0
spinach	isa	turnip	0
castle	isa	anniversary	0
dove	isa	owl	0
train	isa	customer	0
catfish	isa	vertebrate	1
train	isa	coach	0
lion	isa	density	0
cucumber	isa	tape	0
dagger	isa	light	0
dishwasher	isa	fraternity	0
dolphin	isa	trout	0
car	isa	light	0
willow	isa	bark	0
lion	isa	pdf	0
hornet	isa	burner	0
turnip	isa	lettuce	0
lizard	isa	premises	0
gorilla	isa	ear	0
rabbit	isa	ecommerce	0
chisel	isa	closet	0
battleship	isa	poop	0
oven	isa	grill	0
pig	isa	deer	0
deer	isa	reductase	0
bag	isa	off-the-shelf	0
beet	isa	chaplain	0
clarinet	isa	hole	0
hammer	isa	ashram	0
ambulance	isa	sauna	0
cat	isa	tail	0
screwdriver	isa	vintner	0
moth	isa	firewall	0
frigate	isa	win	0
frigate	isa	desire	0
robin	isa	penguin	0
battleship	isa	ship	1
pineapple	isa	papaya	0
hammer	isa	ring	0
grenade	isa	jew	0
rabbit	isa	pig	0
cat	isa	animal	1
washer	isa	hovercraft	0
washer	isa	plug	0
dagger	isa	billy	0
frigate	isa	fighting	0
birch	isa	catkin	0
bear	isa	coke	0
spinach	isa	tyre	0
rabbit	isa	carousel	0
car	isa	handbrake	0
robe	isa	stocking	0
couch	isa	wardrobe	0
lizard	isa	tail	0
dolphin	isa	tuna	0
gorilla	isa	dolphin	0
tuna	isa	goldfish	0
goldfish	isa	catfish	0
cathedral	isa	drag	0
ambulance	isa	education	0
elm	isa	v	0
washer	isa	advice	0
turnip	isa	produce	1
car	isa	stock	0
rabbit	isa	cat	0
willow	isa	bole	0
dove	isa	make-up	0
dolphin	isa	partition	0
robin	isa	commuter	0
frigate	isa	caravel	0
villa	isa	bedroom	0
elm	isa	acacia	0
robin	isa	owl	0
cloak	isa	artefact	1
jacket	isa	cuff	0
toaster	isa	washer	0
grenade	isa	arm	1
lion	isa	scandal	0
dresser	isa	watchtower	0
garlic	isa	sevens	0
turtle	isa	animal	1
snake	isa	loan	0
poplar	isa	leaf	0
missile	isa	ediff-merge-with-ancestor	0
donkey	isa	horseback	0
toaster	isa	presentation	0
giraffe	isa	zebra	0
bottle	isa	plate	0
hammer	isa	handle	0
grasshopper	isa	shell	0
eagle	isa	groundwater	0
castle	isa	lodging	1
villa	isa	kitchen	0
missile	isa	putrefaction	0
donkey	isa	animal	1
sparrow	isa	animal	1
dishwasher	isa	oscillator	0
pigeon	isa	vertebrate	1
flute	isa	suggestion	0
pig	isa	post-season	0
eagle	isa	enrollee	0
turtle	isa	lizard	0
catfish	isa	gill	0
dolphin	isa	park	0
gun	isa	dagger	0
sparrow	isa	mit	0
pear	isa	fruit	1
oven	isa	general	0
ambulance	isa	web	0
dove	isa	blink	0
cathedral	isa	sacristy	0
battleship	isa	topside	0
turnip	isa	bark	0
table	isa	artifact	1
battleship	isa	heat	0
car	isa	passenger	0
dresser	isa	clothing	0
phone	isa	artifact	1
sparrow	isa	eagle	0
penguin	isa	glycogen	0
bowl	isa	globalisation	0
grenade	isa	bow	0
salmon	isa	fish	1
castle	isa	window	0
cathedral	isa	door	0
shirt	isa	pattern	0
mackerel	isa	druid	0
tuna	isa	vertebrate	1
car	isa	artefact	1
frigate	isa	rank	0
hammer	isa	plier	0
pig	isa	animal	1
couch	isa	velvet	0
chisel	isa	blade	0
vest	isa	hem	0
plum	isa	double-click	0
table	isa	functioning	0
lion	isa	chordate	1
flute	isa	food	0
eagle	isa	pigeon	0
cloak	isa	cuisine	0
dagger	isa	bow	0
lion	isa	rabbit	0
battleship	isa	refund	0
acacia	isa	root	0
willow	isa	snack	0
willow	isa	chapelry	0
rabbit	isa	herbivore	1
goldfish	isa	animal	1
bus	isa	floor	0
frigate	isa	melody	0
cat	isa	paw	0
fork	isa	pincers	0
pineapple	isa	reverse	0
turnip	isa	root	1
gun	isa	childhood	0
hotel	isa	buy	0
turnip	isa	parsley	0
stereo	isa	inch	0
owl	isa	foot	0
cat	isa	pig	0
cloak	isa	hood	0
robe	isa	headwaters	0
bus	isa	tank	0
garlic	isa	food	1
bear	isa	peg	0
snake	isa	tongue	0
beet	isa	hypertension	0
robin	isa	culture	0
donkey	isa	wickedness	0
spinach	isa	garlic	0
television	isa	artifact	1
gun	isa	capacitor	0
goldfish	isa	grammar-school	0
goldfish	isa	bone	0
hotel	isa	animal	0
owl	isa	hobble	0
battleship	isa	mo	0
car	isa	balcony	0
ferry	isa	fatality	0
cranberry	isa	pear	0
car	isa	tank	0
bear	isa	tooth	0
grasshopper	isa	haulier	0
ambulance	isa	air	0
chisel	isa	bark	0
lion	isa	tail	0
bottle	isa	volume	0
washer	isa	clothing	0
giraffe	isa	vertebrate	1
dove	isa	biochemistry	0
cat	isa	biopsy	0
battleship	isa	car	0
chisel	isa	spokespeople	0
robe	isa	woodland	0
trout	isa	chordate	1
pine	isa	elm	0
mackerel	isa	vertebrate	1
screwdriver	isa	reverie	0
birch	isa	limitation	0
flute	isa	clarinet	0
guitar	isa	intake	0
cathedral	isa	nave	0
trout	isa	on-screen	0
apricot	isa	autobiography	0
wardrobe	isa	pants	0
jacket	isa	nickel	0
car	isa	ferry	0
fork	isa	catholicism	0
trout	isa	fishbone	0
villa	isa	ion	0
screwdriver	isa	fork	0
fork	isa	artefact	1
chisel	isa	nutcracker	0
turtle	isa	couple	0
corn	isa	lettuce	0
pheasant	isa	pigeon	0
frigate	isa	sailor	0
tuna	isa	scholar	0
villa	isa	disease	0
rabbit	isa	vertebrate	1
goldfish	isa	cod	0
washer	isa	rhetoric	0
phone	isa	button	0
robin	isa	reflexion	0
hotel	isa	relationship	0
rifle	isa	talk	0
lion	isa	co-ordination	0
mackerel	isa	r	0
beet	isa	aluminum	0
eagle	isa	chordate	1
battleship	isa	caboose	0
bear	isa	sensor	0
hammer	isa	glycoproteins	0
ambulance	isa	nomination	0
blouse	isa	apron	0
clarinet	isa	flute	0
moth	isa	locust	0
couch	isa	artifact	1
screwdriver	isa	intervener	0
hammer	isa	tweezer	0
catfish	isa	trout	0
blouse	isa	clothes	1
hammer	isa	jew	0
bottle	isa	theorem	0
battleship	isa	paddle	0
screwdriver	isa	hammer	0
toaster	isa	refrigerator	0
tuna	isa	carb	0
oven	isa	artifact	1
robe	isa	periphery	0
cucumber	isa	bubble	0
bomb	isa	disease	0
plum	isa	fruit	1
dove	isa	chordate	1
blouse	isa	clothing	1
tuna	isa	deadline	0
rifle	isa	charge	0
bus	isa	ferry	0
flute	isa	device	1
carp	isa	testis	0
flute	isa	hole	0
bus	isa	tea	0
cucumber	isa	turnip	0
robin	isa	harbor	0
eagle	isa	head	0
spinach	isa	food	1
pine	isa	drabness	0
parsley	isa	principle	0
bus	isa	fuel	0
garlic	isa	spice	1
donkey	isa	withers	0
corn	isa	head	0
grenade	isa	grip	0
penguin	isa	aviator	0
bag	isa	inaccuracy	0
catfish	isa	animal	1
frigate	isa	caboose	0
rifle	isa	azalea	0
gorilla	isa	accordionist	0
bottle	isa	tool	0
cat	isa	panther	0
lettuce	isa	fundraising	0
ambulance	isa	replacement	0
pig	isa	hour	0
poplar	isa	bark	0
cod	isa	chordate	1
washer	isa	dial	0
dolphin	isa	blowhole	0
chisel	isa	artefact	1
blouse	isa	artwork	0
dolphin	isa	tooth	0
dagger	isa	authorisation	0
toaster	isa	predictor	0
shirt	isa	trouser	0
dolphin	isa	tail	0
chisel	isa	temperature	0
screwdriver	isa	p	0
pig	isa	handball	0
turnip	isa	spinach	0
blouse	isa	tail	0
acacia	isa	willow	0
oven	isa	dishwasher	0
vest	isa	happening	0
chisel	isa	utensil	1
chisel	isa	hammer	0
lizard	isa	snake	0
grasshopper	isa	dragonfly	0
turtle	isa	tail	0
turnip	isa	shoulder	0
cloak	isa	contravention	0
donkey	isa	leg	0
sparrow	isa	placebo	0
shirt	isa	sweatshirt	0
pine	isa	accusation	0
lion	isa	implementer	0
deer	isa	reindeer	0
frigate	isa	icing	0
flute	isa	safekeeping	0
catfish	isa	replacement	0
blouse	isa	artifact	1
castle	isa	battlement	0
dolphin	isa	transsexual	0
couch	isa	merger	0
sieve	isa	filter	1
vest	isa	raisin	0
mackerel	isa	goldfish	0
tuna	isa	bone	0
hospital	isa	obligation	0
trout	isa	gill	0
castle	isa	raise	0
sparrow	isa	zeal	0
salmon	isa	cod	0
rabbit	isa	donkey	0
pine	isa	poplar	0
battleship	isa	start-up	0
fork	isa	cross-examination	0
villa	isa	citizen	0
battleship	isa	funnel	0
car	isa	necrosis	0
lizard	isa	lens	0
pigeon	isa	bookmarking	0
deer	isa	antler	0
phone	isa	observer	0
table	isa	couch	0
mackerel	isa	catfish	0
goldfish	isa	tuna	0
dishwasher	isa	concern	0
bus	isa	defence	0
giraffe	isa	master	0
lion	isa	heir	0
pigeon	isa	chordate	1
hotel	isa	lodging	1
pear	isa	starboard	0
jacket	isa	sock	0
mackerel	isa	air	0
acacia	isa	poplar	0
vest	isa	affinity	0
lion	isa	footing	0
trout	isa	animal	1
carp	isa	trout	0
donkey	isa	gorilla	0
oven	isa	toaster	0
frigate	isa	warship	1
salmon	isa	table	0
penguin	isa	strand	0
dolphin	isa	theorem	0
dove	isa	culture	0
pig	isa	pattern	0
bowl	isa	manuscript	0
bear	isa	litter	0
lizard	isa	turtle	0
cod	isa	fish	1
car	isa	driver	0
catfish	isa	electrolyte	0
pigeon	isa	hello	0
bus	isa	density	0
frigate	isa	bow	0
axe	isa	grandeur	0
beet	isa	found	0
goldfish	isa	salmon	0
pig	isa	semi	0
dagger	isa	arm	1
frigate	isa	transparency	0
frigate	isa	showground	0
robin	isa	self-government	0
bear	isa	organisation	0
sieve	isa	iron	0
ferry	isa	fore	0
dolphin	isa	fuel	0
jacket	isa	rave	0
lizard	isa	treatment	0
turnip	isa	beet	0
washer	isa	download	0
snake	isa	tail	0
bag	isa	plastic	0
elm	isa	plague	0
dresser	isa	cut	0
goldfish	isa	mapping	0
tuna	isa	cod	0
washer	isa	revolt	0
guitar	isa	body	0
train	isa	iron	0
battleship	isa	helm	0
missile	isa	device	1
dagger	isa	grip	0
bottle	isa	circuitry	0
washer	isa	agreement	0
gorilla	isa	speech	0
flute	isa	artefact	1
ambulance	isa	odor	0
chisel	isa	head	0
shirt	isa	trojan	0
owl	isa	motorway	0
villa	isa	replacement	0
cathedral	isa	synagogue	0
bus	isa	factsheets	0
sparrow	isa	dove	0
cathedral	isa	pulpit	0
pig	isa	baggage	0
table	isa	advance	0
missile	isa	click	0
dolphin	isa	mackerel	0
flute	isa	nazism	0
moth	isa	ladybug	0
mackerel	isa	salmon	0
car	isa	floor	0
train	isa	steam	0
bus	isa	headlight	0
axe	isa	fork	0
chisel	isa	tail	0
bomb	isa	device	1
donkey	isa	fiefdom	0
rifle	isa	bow	0
castle	isa	interior	0
hospital	isa	castle	0
car	isa	extreme	0
parsley	isa	rosemary	0
spinach	isa	faction	0
dagger	isa	godfather	0
battleship	isa	artifact	1
parsley	isa	celery	0
moth	isa	scrapbook	0
trout	isa	check	0
chisel	isa	advice	0
castle	isa	dolphin	0
couch	isa	snap	0
poplar	isa	program	0
jacket	isa	fracture	0
bus	isa	artifact	1
pheasant	isa	penguin	0
mackerel	isa	fish	1
robe	isa	abuse	0
cathedral	isa	bench	0
television	isa	approach	0
rifle	isa	handle	0
axe	isa	tool	1
lizard	isa	frog	0
gorilla	isa	rabbit	0
trout	isa	presbyterian	0
stereo	isa	toaster	0
frigate	isa	sewer	0
vest	isa	battlefield	0
mackerel	isa	bone	0
donkey	isa	compromise	0
jacket	isa	pants	0
catfish	isa	tail	0
pigeon	isa	rump	0
hotel	isa	degree	0
guitar	isa	flute	0
dolphin	isa	giraffe	0
stereo	isa	plastic	0
apple	isa	pineapple	0
bowl	isa	steamboat	0
trout	isa	food	1
carp	isa	blight	0
hotel	isa	case	0
hospital	isa	purpose	0
elm	isa	weak	0
jacket	isa	cloak	0
pig	isa	transplantation	0
goldfish	isa	mackerel	0
gun	isa	ammo	0
bear	isa	head	0
plum	isa	juice	0
tuna	isa	shell	0
willow	isa	catkin	0
hammer	isa	anvil	0
shirt	isa	dread	0
pine	isa	root	0
train	isa	poisoning	0
cod	isa	splice	0
eagle	isa	adjuster	0
ambulance	isa	bookstore	0
chisel	isa	point	0
dresser	isa	leg	0
trout	isa	carp	0
washer	isa	artifact	1
trout	isa	bcs	0
frog	isa	leg	0
dolphin	isa	chordate	1
corn	isa	garlic	0
donkey	isa	aesthetic	0
hornet	isa	dragonfly	0
frigate	isa	artifact	1
hammer	isa	axe	0
rifle	isa	stock	0
turnip	isa	cucumber	0
battleship	isa	vessel	1
dolphin	isa	cetacean	1
deer	isa	worship	0
missile	isa	offer	0
gorilla	isa	ramp	0
giraffe	isa	pig	0
birch	isa	poplar	0
flute	isa	sax	0
ambulance	isa	nest	0
wardrobe	isa	lead	0
train	isa	thou	0
turtle	isa	food	1
willow	isa	nightclub	0
toaster	isa	dishwasher	0
goldfish	isa	fish	1
flute	isa	nickel	0
pheasant	isa	druid	0
cod	isa	geography	0
poplar	isa	willow	0
mackerel	isa	cod	0
beet	isa	sermon	0
beet	isa	cucumber	0
turtle	isa	sugar	0
pheasant	isa	relegation	0
cucumber	isa	sub-genre	0
parsley	isa	leaf	0
car	isa	plate	0
apricot	isa	fluency	0
washer	isa	woodland	0
robin	isa	rump	0
rifle	isa	ventricle	0
sparrow	isa	fritillary	0
battleship	isa	lobbyist	0
chisel	isa	sieve	0
ferry	isa	drawing	0
frigate	isa	bus	0
trout	isa	mackerel	0
spinach	isa	beet	0
hornet	isa	analogue	0
fork	isa	landfall	0
robin	isa	chordate	1
chisel	isa	tool	1
mackerel	isa	head	0
jacket	isa	shirt	0
bag	isa	circumcision	0
cathedral	isa	window	0
dagger	isa	bomb	0
wardrobe	isa	ma	0
television	isa	arrears	0
salmon	isa	post-season	0
toaster	isa	device	1
hammer	isa	fsa	0
clarinet	isa	seam	0
willow	isa	favor	0
goldfish	isa	gill	0
catfish	isa	food	1
dresser	isa	tithe	0
dishwasher	isa	toaster	0
acacia	isa	limb	0
grenade	isa	dagger	0
pigeon	isa	doorstep	0
bomb	isa	hypermedia	0
frigate	isa	road	0
hotel	isa	shot	0
donkey	isa	dog	0
flute	isa	mandolin	0
villa	isa	floor	0
pig	isa	pork	0
shirt	isa	brow-clutching	0
axe	isa	handle	0
rifle	isa	gun	1
bag	isa	exterior	0
television	isa	psychologist	0
ferry	isa	tea	0
hammer	isa	agreement	0
ambulance	isa	passenger	0
elm	isa	branch	0
ambulance	isa	review	0
poplar	isa	data	0
moth	isa	inflorescence	0
deer	isa	ambience	0
castle	isa	defence	1
cat	isa	essence	0
ambulance	isa	runner-up	0
bear	isa	lion	0
tuna	isa	playlist	0
ferry	isa	battleship	0
plum	isa	worktop	0
moth	isa	bee	0
donkey	isa	meantime	0
dagger	isa	thatgovernment	0
salmon	isa	diver	0
hornet	isa	grasshopper	0
battleship	isa	fore	0
bus	isa	roof	0
television	isa	cc	0
guitar	isa	mandolin	0
clarinet	isa	persian	0
owl	isa	roadmap	0
train	isa	engine	0
screwdriver	isa	poignancy	0
bowl	isa	laptop	0
flute	isa	garlic	0
trout	isa	cod	0
dagger	isa	point	0
elm	isa	trunk	0
sieve	isa	axe	0
carp	isa	tuna	0
bomb	isa	gun	0
dove	isa	glass	0
screwdriver	isa	plastic	0
ambulance	isa	program	0
beet	isa	lettuce	0
penguin	isa	animal	1
snake	isa	treatment	0
couch	isa	extent	0
shirt	isa	artifact	1
sparrow	isa	passerine	1
frigate	isa	turret	0
bottle	isa	glass	0
trout	isa	scale	0
train	isa	grace	0
carp	isa	thank	0
television	isa	plastic	0
willow	isa	leaf	0
hornet	isa	stinger	0
penguin	isa	sensor	0
gorilla	isa	donkey	0
penguin	isa	inmate	0
goldfish	isa	crystal	0
rifle	isa	grenade	0
cucumber	isa	seafront	0
dove	isa	dishcloth	0
gun	isa	remover	0
pineapple	isa	leaf	0
penguin	isa	seabird	1
bus	isa	vehicle	1
owl	isa	eagle	0
corn	isa	turnip	0
couch	isa	artefact	1
blouse	isa	assertion	0
cathedral	isa	empire	0
lettuce	isa	garlic	0
fork	isa	cutlery	1
dagger	isa	scabbard	0
ferry	isa	genetics	0
sieve	isa	scalpel	0
sieve	isa	artefact	1
missile	isa	bow	0
deer	isa	herbivore	1
ambulance	isa	existance	0
salmon	isa	chordate	1
parsley	isa	cilantro	0
bus	isa	phone	0
robin	isa	concatenation	0
lion	isa	office	0
wardrobe	isa	couch	0
plum	isa	produce	1
wardrobe	isa	programmer	0
hospital	isa	floor	0
frigate	isa	huntsman	0
parsley	isa	formulation	0
pear	isa	fraud	0
sparrow	isa	motive	0
clarinet	isa	artefact	1
castle	isa	brush	0
bottle	isa	cap	0
corn	isa	deletion	0
cathedral	isa	cross	0
lettuce	isa	turnip	0
goldfish	isa	corset	0
beet	isa	symposium	0
blouse	isa	pocket	0
giraffe	isa	lounge	0
bottle	isa	jug	0
bus	isa	ambulance	0
clarinet	isa	empire	0
deer	isa	leg	0
castle	isa	law	0
train	isa	artifact	1
lizard	isa	education	0
shirt	isa	sabotage	0
rifle	isa	missile	0
castle	isa	kitchen	0
cod	isa	column	0
battleship	isa	artefact	1
hornet	isa	modicum	0
guitar	isa	light	0
parsley	isa	minimalism	0
trout	isa	rt	0
cucumber	isa	food	1
celery	isa	fiber	0
hornet	isa	obedience	0
garlic	isa	bean	0
spinach	isa	celery	0
bus	isa	em	0
guitar	isa	abductor	0
gorilla	isa	sugar	0
bowl	isa	axe	0
gun	isa	bullet	0
pine	isa	bark	0
clarinet	isa	scrooge	0
washer	isa	personnel	0
dishwasher	isa	lantern	0
flute	isa	kazoo	0
bomb	isa	memo	0
carp	isa	tail	0
goldfish	isa	tail	0
poplar	isa	trunk	0
giraffe	isa	tooth	0
turnip	isa	zombie	0
penguin	isa	lectureship	0
clarinet	isa	drum	0
rabbit	isa	leg	0
salmon	isa	fishbone	0
cranberry	isa	fruit	1
trout	isa	mineral	0
shirt	isa	pocket	0
hospital	isa	harm	0
jacket	isa	button	0
car	isa	phono	0
robe	isa	rhythm	0
bowl	isa	food	0
dagger	isa	artifact	1
robin	isa	iron	0
beet	isa	sister	0
ambulance	isa	car	0
cat	isa	dagger	0
train	isa	lunch	0
castle	isa	information	0
cloak	isa	underpants	0
wardrobe	isa	expert	0
bus	isa	driver	0
carp	isa	chordate	1
shirt	isa	trainee	0
donkey	isa	scope	0
rifle	isa	earth	0
television	isa	monitor	0
cod	isa	animal	1
gun	isa	mycobacterium	0
dagger	isa	game	0
hornet	isa	bee	0
pheasant	isa	dove	0
donkey	isa	vertebrate	1
cloak	isa	shirt	0
deer	isa	head	0
oven	isa	phone	0
jacket	isa	pattern	0
robe	isa	brigade-adjutant	0
bus	isa	reactor	0
catfish	isa	barbel	0
cloak	isa	garment	1
washer	isa	boot	0
donkey	isa	cat	0
sieve	isa	tweezer	0
car	isa	battleship	0
bowl	isa	life	0
gorilla	isa	vertebrate	1
carp	isa	dolphin	0
tuna	isa	head	0
blouse	isa	hem	0
cranberry	isa	berry	1
shirt	isa	dermatitis	0
blouse	isa	structural-weak	0
bottle	isa	utensil	1
giraffe	isa	scientist	0
bowl	isa	artefact	1
fork	isa	axe	0
chisel	isa	pincers	0
car	isa	guideline	0
cloak	isa	robe	0
robe	isa	doorknob	0
castle	isa	histogram	0
bear	isa	dog	0
cod	isa	tuna	0
bottle	isa	liquid	0
beet	isa	aswell	0
lion	isa	heath	0
penguin	isa	documentation	0
cat	isa	municipality	0
vest	isa	triplet	0
villa	isa	hotel	0
grenade	isa	encore	0
turtle	isa	head	0
dolphin	isa	goldfish	0
missile	isa	rocket	1
guitar	isa	score	0
bus	isa	malt	0
dagger	isa	magazine	0
castle	isa	hospital	0
jacket	isa	competitor	0
spinach	isa	voter	0
rabbit	isa	grid	0
dishwasher	isa	inside	0
carp	isa	animal	1
pine	isa	tree	1
screwdriver	isa	tool	1
ferry	isa	trench	0
lion	isa	gothic	0
apple	isa	cranberry	0
washer	isa	telephone	0
blouse	isa	metric	0
bus	isa	display	0
apricot	isa	compromise	0
oven	isa	refrigerator	0
blouse	isa	hallway	0
cat	isa	torah	0
wardrobe	isa	destruction	0
lettuce	isa	parsley	0
dishwasher	isa	identity	0
car	isa	hood	0
acacia	isa	nappy	0
vest	isa	apron	0
cloak	isa	mask	0
giraffe	isa	coalition	0
fork	isa	regulation	0
hotel	isa	tavern	0
pigeon	isa	head	0
snake	isa	panto	0
owl	isa	preacher	0
goldfish	isa	chordate	1
flute	isa	harmonica	0
train	isa	window	0
poplar	isa	pine	0
turnip	isa	grit	0
missile	isa	head	0
frog	isa	gill	0
couch	isa	auspice	0
pheasant	isa	rump	0
spinach	isa	parsley	0
bus	isa	tire	0
owl	isa	interlude	0
cod	isa	carp	0
oven	isa	constituent	0
bus	isa	daughter	0
sparrow	isa	foot	0
car	isa	interior	0
ambulance	isa	plate	0
villa	isa	assistance	0
castle	isa	accommodation	1
dresser	isa	furniture	1
washer	isa	artefact	1
gun	isa	monastery	0
snake	isa	vertebrate	1
deer	isa	pixel	0
deer	isa	tail	0
pheasant	isa	nightie	0
cloak	isa	email	0
screwdriver	isa	axe	0
wardrobe	isa	shell	0
washer	isa	homepage	0
trout	isa	knowledge	0
missile	isa	jesuit	0
shirt	isa	sleeve	0
bowl	isa	lung	0
pineapple	isa	heyday	0
robe	isa	sock	0
cloak	isa	trouser	0
dolphin	isa	lion	0
missile	isa	grenade	0
giraffe	isa	animal	1
salmon	isa	ticket	0
dagger	isa	curate	0
dagger	isa	dedication	0
bus	isa	punter	0
clarinet	isa	entrance	0
corn	isa	parsley	0
wardrobe	isa	garment	0
bottle	isa	microphone	0
pine	isa	elocution	0
gun	isa	magazine	0
rabbit	isa	tuberculosis	0
mackerel	isa	knowledge	0
clarinet	isa	mogul	0
car	isa	madman	0
oven	isa	researcher	0
gorilla	isa	head	0
blouse	isa	lounge	0
rifle	isa	espn	0
plum	isa	apricot	0
television	isa	policy	0
wardrobe	isa	allegation	0
donkey	isa	ge	0
car	isa	window	0
flute	isa	banjo	0
ambulance	isa	tire	0
blouse	isa	button	0
table	isa	artefact	1
hospital	isa	cathedral	0
celery	isa	beet	0
lion	isa	jaguar	0
ambulance	isa	floor	0
bear	isa	rocket	0
table	isa	drawers	0
elm	isa	poplar	0
villa	isa	castle	0
frigate	isa	helm	0
dishwasher	isa	silverware	0
rifle	isa	bore	0
cat	isa	lion	0
parsley	isa	chameleon	0
rabbit	isa	provocation	0
giraffe	isa	head	0
cathedral	isa	controversy	0
elm	isa	backbencher	0
castle	isa	bedroom	0
salmon	isa	scale	0
dresser	isa	acceleration	0
lion	isa	v	0
bus	isa	compartment	0
bus	isa	oil	0
toaster	isa	inside	0
poplar	isa	bole	0
robe	isa	pants	0
willow	isa	totality	0
dishwasher	isa	television	0
bus	isa	bonnet	0
car	isa	trunk	0
wardrobe	isa	dietetics	0
penguin	isa	woman	0
flute	isa	minimalism	0
stereo	isa	thank	0
dagger	isa	gun	0
lion	isa	stream	0
ambulance	isa	testing	0
cloak	isa	vest	0
apricot	isa	fruit	1
toaster	isa	drive	0
snake	isa	tooth	0
television	isa	fuselage	0
train	isa	degree	0
missile	isa	scholar	0
elm	isa	willow	0
tuna	isa	refuse	0
frog	isa	president	0
train	isa	effort	0
castle	isa	handheld	0
dishwasher	isa	detergent	0
hammer	isa	screwdriver	0
ambulance	isa	engine	0
bus	isa	function	0
grenade	isa	gun	0
hotel	isa	parking	0
bomb	isa	grip	0
owl	isa	rump	0
screwdriver	isa	scissor	0
bottle	isa	mass	0
sparrow	isa	stoker	0
apricot	isa	hypermarket	0
lion	isa	bear	0
bear	isa	boxer	0
axe	isa	artifact	1
jacket	isa	lighting	0
trout	isa	head	0
ferry	isa	prow	0
dolphin	isa	economy	0
apple	isa	goth	0
tuna	isa	resolution	0
pineapple	isa	noon	0
train	isa	ferry	0
carp	isa	fish	1
dove	isa	sparrow	0
eagle	isa	raptor	1
screwdriver	isa	trade	0
jacket	isa	weblog	0
tuna	isa	installation	0
dishwasher	isa	engine	0
screwdriver	isa	oratory	0
goldfish	isa	head	0
toaster	isa	engine	0
penguin	isa	lifter	0
catfish	isa	fish	1
couch	isa	coach	0
hornet	isa	moth	0
jacket	isa	tail	0
celery	isa	remininscences	0
cranberry	isa	apple	0
goldfish	isa	pharmacist	0
phone	isa	bark	0
cathedral	isa	steeple	0
flute	isa	width	0
cod	isa	bone	0
cloak	isa	jacket	0
flute	isa	drum	0
giraffe	isa	pp	0
grenade	isa	glucose	0
jacket	isa	subject	0
grenade	isa	recruitment	0
battleship	isa	courtesy	0
rifle	isa	artifact	1
cathedral	isa	hotel	0
dagger	isa	handle	0
eagle	isa	hype	0
deer	isa	brew	0
gorilla	isa	recreation	0
gorilla	isa	weight	0
turnip	isa	tory	0
frigate	isa	hotel	0
willow	isa	birch	0
cranberry	isa	plum	0
salmon	isa	goldfish	0
stereo	isa	phone	0
pheasant	isa	policyholder	0
frigate	isa	blackface	0
parsley	isa	sage	0
missile	isa	circumcision	0
bomb	isa	rifle	0
ferry	isa	concept	0
robin	isa	wart	0
villa	isa	stairs	0
shirt	isa	fleece	0
goldfish	isa	vertebrate	1
dove	isa	network	0
bus	isa	gasoline	0
sieve	isa	handle	0
pheasant	isa	vertebrate	1
stereo	isa	kit	0
pheasant	isa	hydroxide	0
clarinet	isa	bore	0
cathedral	isa	castle	0
celery	isa	produce	1
television	isa	stereo	0
bottle	isa	rd	0
ferry	isa	pearl	0
axe	isa	pincers	0
clarinet	isa	reassurance	0
snake	isa	turtle	0
dagger	isa	missile	0
robe	isa	enforcer	0
battleship	isa	plantation	0
tuna	isa	food	1
table	isa	dresser	0
giraffe	isa	deer	0
tuna	isa	language	0
train	isa	bomb	0
television	isa	artefact	1
parsley	isa	turnip	0
car	isa	equation	0
turnip	isa	corn	0
hammer	isa	utensil	1
bear	isa	animal	1
chisel	isa	laserjet	0
penguin	isa	chordate	1
bear	isa	magnitude	0
train	isa	car	0
donkey	isa	weighting	0
grasshopper	isa	insect	1
chisel	isa	artifact	1
hospital	isa	interior	0
cat	isa	rocket	0
train	isa	anything	0
battleship	isa	ferry	0
pigeon	isa	sparrow	0
bus	isa	lamp	0
sieve	isa	developer	0
mackerel	isa	carp	0
screwdriver	isa	chisel	0
couch	isa	foot	0
missile	isa	weapon	1
dishwasher	isa	graduating	0
fork	isa	tool	1
axe	isa	ostrich	0
car	isa	guidance	0
hammer	isa	confectionery	0
oven	isa	stereo	0
shirt	isa	cloak	0
ambulance	isa	navigation	0
frigate	isa	bulwark	0
cat	isa	bear	0
dolphin	isa	vertebrate	1
wardrobe	isa	subscriber	0
frog	isa	joint	0
sieve	isa	distension	0
penguin	isa	head	0
donkey	isa	inflorescence	0
frog	isa	candidacy	0
chisel	isa	horror-humor	0
washer	isa	inside	0
goldfish	isa	scale	0
apricot	isa	play	0
apple	isa	enclosure	0
axe	isa	start-up	0
catfish	isa	cod	0
owl	isa	ancient	0
axe	isa	weapon	1
robe	isa	deficit	0
cod	isa	salmon	0
vest	isa	extremepie	0
dresser	isa	apostolate	0
lettuce	isa	commision	0
bus	isa	science	0
dolphin	isa	courtroom	0
guitar	isa	footnote	0
robe	isa	apron	0
bus	isa	trunk	0
grasshopper	isa	head	0
pheasant	isa	robin	0
poplar	isa	washington	0
cucumber	isa	urdu	0
penguin	isa	vertebrate	1
bomb	isa	artifact	1
deer	isa	withers	0
turtle	isa	scale	0
fork	isa	kerosene	0
hornet	isa	screen	0
bear	isa	rabbit	0
corn	isa	food	1
apple	isa	plum	0
castle	isa	stairs	0
bowl	isa	restriction	0
television	isa	equipment	1
donkey	isa	hair	0
villa	isa	house	1
axe	isa	photon	0
apple	isa	backdrop	0
goldfish	isa	thinking	0
eagle	isa	foot	0
apple	isa	polythene	0
villa	isa	borrower	0
frog	isa	terminal	0
pine	isa	tooling	0
carp	isa	fishbone	0
villa	isa	window	0
phone	isa	party	0
catfish	isa	bone	0
cloak	isa	recurrence	0
cranberry	isa	down	0
spinach	isa	sweatshirt	0
vest	isa	nameserver	0
car	isa	motorbike	0
gun	isa	brefeldianum	0
car	isa	frigate	0
turnip	isa	horseradish	0
clarinet	isa	mandolin	0
trout	isa	dolphin	0
screwdriver	isa	predictor	0
frigate	isa	vehicle	1
castle	isa	week	0
grasshopper	isa	line	0
battleship	isa	bulwark	0
sieve	isa	enhance	0
tuna	isa	trout	0
hotel	isa	villa	0
dishwasher	isa	door	0
bowl	isa	instruction	0
stereo	isa	ticket	0
mackerel	isa	example	0
vest	isa	sock	0
flute	isa	artifact	1
cranberry	isa	produce	1
pigeon	isa	eagle	0
cathedral	isa	char	0
pineapple	isa	plum	0
wardrobe	isa	hope	0
frigate	isa	treacle	0
snake	isa	shortlist	0
celery	isa	scratch	0
gorilla	isa	ape	1
frigate	isa	canoe	0
bear	isa	mosaic	0
bus	isa	engine	0
blouse	isa	implementation	0
car	isa	homeless	0
parsley	isa	produce	1
missile	isa	point	0
eagle	isa	pheasant	0
hammer	isa	nutcracker	0
tuna	isa	mackerel	0
flute	isa	quote	0
pig	isa	lion	0
ambulance	isa	aspect	0
rabbit	isa	insulation	0
willow	isa	answer	0
train	isa	rear	0
frigate	isa	sub-committee	0
grasshopper	isa	bug	1
missile	isa	pathogen	0
train	isa	passenger	0
missile	isa	wrestler	0
hammer	isa	artifact	1
deer	isa	viewer	0
cucumber	isa	passer-by	0
hotel	isa	shop	0
stereo	isa	telephone	0
castle	isa	guest	0
jacket	isa	fleece	0
cucumber	isa	beet	0
vest	isa	jacket	0
carp	isa	scale	0
battleship	isa	sailor	0
axe	isa	scalpel	0
owl	isa	robin	0
penguin	isa	foot	0
robe	isa	something	0
bottle	isa	vessel	1
ambulance	isa	gasoline	0
hammer	isa	mort	0
beet	isa	food	1
owl	isa	pheasant	0
train	isa	point	0
hotel	isa	door	0
television	isa	telephone	0
acacia	isa	stumble	0
sieve	isa	confessor	0
cucumber	isa	corrosion	0
grenade	isa	mucosa	0
corn	isa	decade	0
bus	isa	motorbike	0
dresser	isa	shelf	0
jacket	isa	monarch	0
acacia	isa	impact	0
ambulance	isa	radiator	0
blouse	isa	drug	0
hospital	isa	hotel	0
dagger	isa	blade	0
bomb	isa	dagger	0
beet	isa	bout	0
screwdriver	isa	nutcracker	0
dove	isa	foot	0
cat	isa	dog	0
trout	isa	rider	0
acacia	isa	tree	1
mackerel	isa	gill	0
frigate	isa	gun	0
donkey	isa	deer	0
axe	isa	travel	0
catfish	isa	head	0
bus	isa	inside	0
screwdriver	isa	nutrition	0
ferry	isa	rudder	0
dishwasher	isa	refrigerator	0
shirt	isa	jacket	0
robin	isa	earring	0
lion	isa	waterbed	0
jacket	isa	hood	0
gorilla	isa	dog	0
battleship	isa	captain	0
dagger	isa	kelp	0
bus	isa	answer	0
catfish	isa	salmon	0
trout	isa	salmon	0
chisel	isa	handle	0
jacket	isa	sweatshirt	0
fork	isa	proxy	0
celery	isa	garlic	0
turtle	isa	foot	0
cat	isa	head	0
cod	isa	goldfish	0
blouse	isa	sensor	0
bus	isa	handbrake	0
battleship	isa	tank	0
poplar	isa	sacrament	0
dove	isa	pheasant	0
snake	isa	cake	0
carp	isa	gill	0
frigate	isa	funnel	0
shirt	isa	stocking	0
ferry	isa	artefact	1
dagger	isa	shotgun	0
pheasant	isa	foot	0
screwdriver	isa	plier	0
apple	isa	intake	0
lizard	isa	tongue	0
giraffe	isa	grant	0
apricot	isa	apple	0
giraffe	isa	chordate	1
ferry	isa	bus	0
phone	isa	holiday	0
bus	isa	heading	0
corn	isa	modernisation	0
clarinet	isa	bagpipe	0
elm	isa	bole	0
television	isa	dollar	0
bomb	isa	marketing	0
bag	isa	interior	0
fork	isa	climate-change	0
plum	isa	peel	0
grenade	isa	petrol	0
ambulance	isa	door	0
rifle	isa	weapon	1
bear	isa	jaw	0
vest	isa	artifact	1
bowl	isa	mobster	0
tuna	isa	overlay	0
axe	isa	coast	0
bomb	isa	shell	0
hospital	isa	building	1
cod	isa	trio	0
fork	isa	hammer	0
car	isa	headlight	0
corn	isa	carbohydrate	0
pigeon	isa	cargo	0
dolphin	isa	cod	0
grenade	isa	artefact	1
gun	isa	bomb	0
missile	isa	bomb	0
car	isa	compartment	0
beet	isa	productivity	0
bomb	isa	missile	0
gun	isa	stock	0
guitar	isa	arrangement	0
blouse	isa	sleeve	0
bus	isa	reef	0
tuna	isa	carp	0
bomb	isa	detonator	0
frigate	isa	link	0
acacia	isa	eyelid	0
frigate	isa	craft	1
guitar	isa	twenty-one	0
battleship	isa	bulkhead	0
cat	isa	feminism	0
hornet	isa	ladybug	0
hospital	isa	exterior	0
grasshopper	isa	animal	1
ambulance	isa	frigate	0
rabbit	isa	giraffe	0
battleship	isa	decree	0
clarinet	isa	curate	0
villa	isa	banking	0
clarinet	isa	banjo	0
giraffe	isa	tongue	0
bomb	isa	glutamate	0
salmon	isa	hug	0
gun	isa	northeast	0
pineapple	isa	holocaust	0
grenade	isa	haunting	0
train	isa	vineyard	0
giraffe	isa	defamation	0
willow	isa	juicer	0
bowl	isa	plate	0
birch	isa	pine	0
battleship	isa	caravel	0
cranberry	isa	quarantine	0
train	isa	market	0
ambulance	isa	tank	0
bowl	isa	inside	0
owl	isa	raptor	1
clarinet	isa	washington	0
flute	isa	trombone	0
rifle	isa	gun	0
poplar	isa	dereliction	0
train	isa	battleship	0
birch	isa	labor	0
cod	isa	trout	0
parsley	isa	soundtrack	0
stereo	isa	therapist	0
blouse	isa	sock	0
washer	isa	finance	0
castle	isa	dwelling	1
blouse	isa	lobbyist	0
phone	isa	gadget	1
guitar	isa	device	1
robe	isa	artefact	1
car	isa	oil	0
robe	isa	buy	0
pig	isa	pole	0
pheasant	isa	samurai	0
cod	isa	dolphin	0
jacket	isa	anti-terrorism	0
guitar	isa	liturgy	0
toaster	isa	plug	0
rifle	isa	ecotourism	0
pineapple	isa	shell	0
dishwasher	isa	appropriateness	0
ambulance	isa	paramedic	0
bear	isa	giraffe	0
jacket	isa	clothes	1
giraffe	isa	spiritualism	0
clarinet	isa	harmonica	0
cucumber	isa	parsley	0
missile	isa	engine	0
mackerel	isa	proposal	0
train	isa	pair	0
cloak	isa	apron	0
hospital	isa	ward	0
apple	isa	juice	0
grasshopper	isa	bus	0
clarinet	isa	trombone	0
birch	isa	limb	0
castle	isa	term	0
shirt	isa	hem	0
moth	isa	approx	0
missile	isa	gun	0
wardrobe	isa	dresser	0
lizard	isa	head	0
blouse	isa	vest	0
ambulance	isa	driver	0
screwdriver	isa	scalpel	0
missile	isa	wallpaper	0
ambulance	isa	ferry	0
catfish	isa	fishbone	0
table	isa	razor	0
frigate	isa	ambulance	0
fork	isa	fishing	0
celery	isa	turnip	0
deer	isa	telephone	0
cat	isa	donkey	0
willow	isa	grammar-school	0
oven	isa	pitfall	0
beet	isa	down	0
fork	isa	dhamma	0
car	isa	artifact	1
shirt	isa	clothing	1
oven	isa	plug	0
stereo	isa	device	1
bus	isa	hospital	0
battleship	isa	bow	0
fork	isa	malnutrition	0
blouse	isa	fleece	0
battleship	isa	craft	1
trout	isa	kiln	0
bag	isa	cent	0
elm	isa	winkle	0
mackerel	isa	food	1
cloak	isa	organisation	0
car	isa	fitness	0
snake	isa	animal	1
pineapple	isa	subunit	0
gun	isa	factsheets	0
pine	isa	conifer	1
wardrobe	isa	blouse	0
cloak	isa	torque	0
robe	isa	clothes	1
donkey	isa	hoof	0
