american_samoa	locatedIn	oceania
american_samoa	locatedIn	polynesia
antigua_and_barbuda	locatedIn	americas
antigua_and_barbuda	locatedIn	caribbean
arab_republic_of_egypt	locatedIn	northern_africa
arab_republic_of_egypt	neighborOf	republic_of_the_sudan
arab_republic_of_egypt	neighborOf	state_of_israel
arab_republic_of_egypt	neighborOf	state_of_libya
argentine_republic	locatedIn	americas
argentine_republic	locatedIn	south_america
argentine_republic	neighborOf	federative_republic_of_brazil
argentine_republic	neighborOf	oriental_republic_of_uruguay
argentine_republic	neighborOf	plurinational_state_of_bolivia
argentine_republic	neighborOf	republic_of_chile
argentine_republic	neighborOf	republic_of_paraguay
aruba	locatedIn	americas
aruba	locatedIn	caribbean
australia_and_new_zealand	locatedIn	oceania
bailiwick_of_guernsey	locatedIn	europe
bailiwick_of_guernsey	locatedIn	northern_europe
barbados	locatedIn	americas
barbados	locatedIn	caribbean
belize	locatedIn	americas
belize	locatedIn	central_america
belize	neighborOf	republic_of_guatemala
belize	neighborOf	united_mexican_states
bermuda	locatedIn	americas
bermuda	locatedIn	northern_america
bolivarian_republic_of_venezuela	locatedIn	south_america
bolivarian_republic_of_venezuela	neighborOf	co-operative_republic_of_guyana
bolivarian_republic_of_venezuela	neighborOf	federative_republic_of_brazil
bolivarian_republic_of_venezuela	neighborOf	republic_of_colombia
bosnia_and_herzegovina	neighborOf	montenegro
bosnia_and_herzegovina	neighborOf	republic_of_croatia
bosnia_and_herzegovina	neighborOf	republic_of_serbia
british_indian_ocean_territory	locatedIn	africa
british_indian_ocean_territory	locatedIn	eastern_africa
burkina_faso	locatedIn	africa
burkina_faso	locatedIn	western_africa
burkina_faso	neighborOf	republic_of_benin
burkina_faso	neighborOf	republic_of_côte_divoire
burkina_faso	neighborOf	republic_of_ghana
burkina_faso	neighborOf	republic_of_mali
burkina_faso	neighborOf	republic_of_niger
burkina_faso	neighborOf	togolese_republic
canada	neighborOf	united_states_of_america
caribbean	locatedIn	americas
cayman_islands	locatedIn	americas
cayman_islands	locatedIn	caribbean
central_african_republic	locatedIn	middle_africa
central_african_republic	neighborOf	democratic_republic_of_the_congo
central_african_republic	neighborOf	republic_of_cameroon
central_african_republic	neighborOf	republic_of_chad
central_african_republic	neighborOf	republic_of_south_sudan
central_african_republic	neighborOf	republic_of_the_congo
central_african_republic	neighborOf	republic_of_the_sudan
central_america	locatedIn	americas
central_asia	locatedIn	asia
central_europe	locatedIn	europe
co-operative_republic_of_guyana	neighborOf	bolivarian_republic_of_venezuela
co-operative_republic_of_guyana	neighborOf	federative_republic_of_brazil
co-operative_republic_of_guyana	neighborOf	republic_of_suriname
collectivity_of_saint_barthélemy	locatedIn	americas
collectivity_of_saint_barthélemy	locatedIn	caribbean
commonwealth_of_australia	locatedIn	australia_and_new_zealand
commonwealth_of_australia	locatedIn	oceania
commonwealth_of_dominica	locatedIn	americas
commonwealth_of_dominica	locatedIn	caribbean
commonwealth_of_puerto_rico	locatedIn	americas
commonwealth_of_puerto_rico	locatedIn	caribbean
commonwealth_of_the_bahamas	locatedIn	americas
commonwealth_of_the_bahamas	locatedIn	caribbean
commonwealth_of_the_northern_mariana_islands	locatedIn	micronesia
commonwealth_of_the_northern_mariana_islands	locatedIn	oceania
cook_islands	locatedIn	oceania
cook_islands	locatedIn	polynesia
country_of_curaçao	locatedIn	americas
country_of_curaçao	locatedIn	caribbean
czech_republic	locatedIn	eastern_europe
czech_republic	locatedIn	europe
czech_republic	neighborOf	federal_republic_of_germany
czech_republic	neighborOf	republic_of_austria
czech_republic	neighborOf	republic_of_poland
czech_republic	neighborOf	slovak_republic
democratic_peoples_republic_of_korea	neighborOf	peoples_republic_of_china
democratic_peoples_republic_of_korea	neighborOf	republic_of_korea
democratic_peoples_republic_of_korea	neighborOf	russian_federation
democratic_republic_of_são_tomé_and_príncipe	locatedIn	africa
democratic_republic_of_são_tomé_and_príncipe	locatedIn	middle_africa
democratic_republic_of_the_congo	neighborOf	central_african_republic
democratic_republic_of_the_congo	neighborOf	republic_of_angola
democratic_republic_of_the_congo	neighborOf	republic_of_burundi
democratic_republic_of_the_congo	neighborOf	republic_of_rwanda
democratic_republic_of_the_congo	neighborOf	republic_of_south_sudan
democratic_republic_of_the_congo	neighborOf	republic_of_the_congo
democratic_republic_of_the_congo	neighborOf	republic_of_uganda
democratic_republic_of_the_congo	neighborOf	republic_of_zambia
democratic_republic_of_the_congo	neighborOf	united_republic_of_tanzania
democratic_republic_of_timor-leste	locatedIn	asia
democratic_republic_of_timor-leste	locatedIn	south-eastern_asia
democratic_republic_of_timor-leste	neighborOf	republic_of_indonesia
democratic_socialist_republic_of_sri_lanka	neighborOf	republic_of_india
department_of_mayotte	locatedIn	africa
department_of_mayotte	locatedIn	eastern_africa
dominican_republic	locatedIn	caribbean
dominican_republic	neighborOf	republic_of_haiti
eastern_africa	locatedIn	africa
eastern_asia	locatedIn	asia
eastern_europe	locatedIn	europe
falkland_islands	locatedIn	americas
falkland_islands	locatedIn	south_america
faroe_islands	locatedIn	europe
faroe_islands	locatedIn	northern_europe
federal_democratic_republic_of_ethiopia	neighborOf	federal_republic_of_somalia
federal_democratic_republic_of_ethiopia	neighborOf	republic_of_djibouti
federal_democratic_republic_of_ethiopia	neighborOf	republic_of_kenya
federal_democratic_republic_of_ethiopia	neighborOf	republic_of_south_sudan
federal_democratic_republic_of_ethiopia	neighborOf	republic_of_the_sudan
federal_democratic_republic_of_ethiopia	neighborOf	state_of_eritrea
federal_democratic_republic_of_nepal	locatedIn	asia
federal_democratic_republic_of_nepal	locatedIn	southern_asia
federal_democratic_republic_of_nepal	neighborOf	peoples_republic_of_china
federal_democratic_republic_of_nepal	neighborOf	republic_of_india
federal_republic_of_germany	locatedIn	western_europe
federal_republic_of_germany	neighborOf	czech_republic
federal_republic_of_germany	neighborOf	french_republic
federal_republic_of_germany	neighborOf	grand_duchy_of_luxembourg
federal_republic_of_germany	neighborOf	kingdom_of_belgium
federal_republic_of_germany	neighborOf	kingdom_of_denmark
federal_republic_of_germany	neighborOf	netherlands
federal_republic_of_germany	neighborOf	republic_of_austria
federal_republic_of_germany	neighborOf	republic_of_poland
federal_republic_of_germany	neighborOf	swiss_confederation
federal_republic_of_nigeria	locatedIn	western_africa
federal_republic_of_nigeria	neighborOf	republic_of_benin
federal_republic_of_nigeria	neighborOf	republic_of_cameroon
federal_republic_of_nigeria	neighborOf	republic_of_chad
federal_republic_of_nigeria	neighborOf	republic_of_niger
federal_republic_of_somalia	locatedIn	eastern_africa
federal_republic_of_somalia	neighborOf	federal_democratic_republic_of_ethiopia
federal_republic_of_somalia	neighborOf	republic_of_djibouti
federal_republic_of_somalia	neighborOf	republic_of_kenya
federated_states_of_micronesia	locatedIn	micronesia
federated_states_of_micronesia	locatedIn	oceania
federation_of_saint_christopher_and_nevisa	locatedIn	americas
federation_of_saint_christopher_and_nevisa	locatedIn	caribbean
federative_republic_of_brazil	locatedIn	south_america
federative_republic_of_brazil	neighborOf	argentine_republic
federative_republic_of_brazil	neighborOf	bolivarian_republic_of_venezuela
federative_republic_of_brazil	neighborOf	co-operative_republic_of_guyana
federative_republic_of_brazil	neighborOf	guiana
federative_republic_of_brazil	neighborOf	oriental_republic_of_uruguay
federative_republic_of_brazil	neighborOf	plurinational_state_of_bolivia
federative_republic_of_brazil	neighborOf	republic_of_colombia
federative_republic_of_brazil	neighborOf	republic_of_paraguay
federative_republic_of_brazil	neighborOf	republic_of_peru
federative_republic_of_brazil	neighborOf	republic_of_suriname
french_polynesia	locatedIn	oceania
french_polynesia	locatedIn	polynesia
french_republic	locatedIn	western_europe
french_republic	neighborOf	federal_republic_of_germany
french_republic	neighborOf	grand_duchy_of_luxembourg
french_republic	neighborOf	italian_republic
french_republic	neighborOf	kingdom_of_belgium
french_republic	neighborOf	kingdom_of_spain
french_republic	neighborOf	principality_of_andorra
french_republic	neighborOf	principality_of_monaco
french_republic	neighborOf	swiss_confederation
gabonese_republic	locatedIn	middle_africa
gabonese_republic	neighborOf	republic_of_cameroon
gabonese_republic	neighborOf	republic_of_equatorial_guinea
gabonese_republic	neighborOf	republic_of_the_congo
georgia	locatedIn	asia
georgia	locatedIn	western_asia
georgia	neighborOf	republic_of_armenia
georgia	neighborOf	republic_of_azerbaijan
georgia	neighborOf	republic_of_turkey
georgia	neighborOf	russian_federation
gibraltar	locatedIn	europe
gibraltar	locatedIn	southern_europe
gibraltar	neighborOf	kingdom_of_spain
grand_duchy_of_luxembourg	locatedIn	western_europe
grand_duchy_of_luxembourg	neighborOf	federal_republic_of_germany
grand_duchy_of_luxembourg	neighborOf	french_republic
grand_duchy_of_luxembourg	neighborOf	kingdom_of_belgium
greenland	locatedIn	americas
greenland	locatedIn	northern_america
grenada	locatedIn	americas
grenada	locatedIn	caribbean
guadeloupe	locatedIn	americas
guadeloupe	locatedIn	caribbean
guam	locatedIn	micronesia
guam	locatedIn	oceania
guiana	locatedIn	americas
guiana	locatedIn	south_america
guiana	neighborOf	federative_republic_of_brazil
guiana	neighborOf	republic_of_suriname
hashemite_kingdom_of_jordan	locatedIn	western_asia
hashemite_kingdom_of_jordan	neighborOf	kingdom_of_saudi_arabia
hashemite_kingdom_of_jordan	neighborOf	republic_of_iraq
hashemite_kingdom_of_jordan	neighborOf	state_of_israel
hashemite_kingdom_of_jordan	neighborOf	syrian_arab_republic
hellenic_republic	locatedIn	southern_europe
hellenic_republic	neighborOf	republic_of_albania
hellenic_republic	neighborOf	republic_of_bulgaria
hellenic_republic	neighborOf	republic_of_macedonia
hellenic_republic	neighborOf	republic_of_turkey
hong_kong_special_administrative_region_of_the_peoples_republic_of_china	locatedIn	asia
hong_kong_special_administrative_region_of_the_peoples_republic_of_china	locatedIn	eastern_asia
hong_kong_special_administrative_region_of_the_peoples_republic_of_china	neighborOf	peoples_republic_of_china
hungary	locatedIn	eastern_europe
hungary	neighborOf	republic_of_austria
hungary	neighborOf	republic_of_croatia
hungary	neighborOf	republic_of_serbia
hungary	neighborOf	republic_of_slovenia
hungary	neighborOf	romania
hungary	neighborOf	slovak_republic
hungary	neighborOf	ukraine
independent_and_sovereign_republic_of_kiribati	locatedIn	micronesia
independent_and_sovereign_republic_of_kiribati	locatedIn	oceania
independent_state_of_papua_new_guinea	locatedIn	melanesia
independent_state_of_papua_new_guinea	locatedIn	oceania
independent_state_of_papua_new_guinea	neighborOf	republic_of_indonesia
independent_state_of_samoa	locatedIn	oceania
independent_state_of_samoa	locatedIn	polynesia
islamic_republic_of_afghanistan	locatedIn	southern_asia
islamic_republic_of_afghanistan	neighborOf	islamic_republic_of_iran
islamic_republic_of_afghanistan	neighborOf	islamic_republic_of_pakistan
islamic_republic_of_afghanistan	neighborOf	peoples_republic_of_china
islamic_republic_of_afghanistan	neighborOf	republic_of_tajikistan
islamic_republic_of_afghanistan	neighborOf	republic_of_uzbekistan
islamic_republic_of_afghanistan	neighborOf	turkmenistan
islamic_republic_of_iran	locatedIn	southern_asia
islamic_republic_of_iran	neighborOf	islamic_republic_of_afghanistan
islamic_republic_of_iran	neighborOf	islamic_republic_of_pakistan
islamic_republic_of_iran	neighborOf	republic_of_armenia
islamic_republic_of_iran	neighborOf	republic_of_azerbaijan
islamic_republic_of_iran	neighborOf	republic_of_iraq
islamic_republic_of_iran	neighborOf	republic_of_turkey
islamic_republic_of_iran	neighborOf	turkmenistan
islamic_republic_of_mauritania	locatedIn	western_africa
islamic_republic_of_mauritania	neighborOf	peoples_democratic_republic_of_algeria
islamic_republic_of_mauritania	neighborOf	republic_of_mali
islamic_republic_of_mauritania	neighborOf	republic_of_senegal
islamic_republic_of_mauritania	neighborOf	sahrawi_arab_democratic_republic
islamic_republic_of_pakistan	neighborOf	islamic_republic_of_afghanistan
islamic_republic_of_pakistan	neighborOf	islamic_republic_of_iran
islamic_republic_of_pakistan	neighborOf	peoples_republic_of_china
islamic_republic_of_pakistan	neighborOf	republic_of_india
isle_of_man	locatedIn	europe
isle_of_man	locatedIn	northern_europe
italian_republic	locatedIn	southern_europe
italian_republic	neighborOf	french_republic
italian_republic	neighborOf	most_serene_republic_of_san_marino
italian_republic	neighborOf	republic_of_austria
italian_republic	neighborOf	republic_of_slovenia
italian_republic	neighborOf	swiss_confederation
italian_republic	neighborOf	vatican_city_state
jamaica	locatedIn	americas
jamaica	locatedIn	caribbean
japan	locatedIn	asia
japan	locatedIn	eastern_asia
kingdom_of_belgium	neighborOf	federal_republic_of_germany
kingdom_of_belgium	neighborOf	french_republic
kingdom_of_belgium	neighborOf	grand_duchy_of_luxembourg
kingdom_of_belgium	neighborOf	netherlands
kingdom_of_bhutan	locatedIn	asia
kingdom_of_bhutan	locatedIn	southern_asia
kingdom_of_bhutan	neighborOf	peoples_republic_of_china
kingdom_of_bhutan	neighborOf	republic_of_india
kingdom_of_cambodia	locatedIn	asia
kingdom_of_cambodia	locatedIn	south-eastern_asia
kingdom_of_cambodia	neighborOf	kingdom_of_thailand
kingdom_of_cambodia	neighborOf	lao_peoples_democratic_republic
kingdom_of_cambodia	neighborOf	socialist_republic_of_vietnam
kingdom_of_denmark	locatedIn	europe
kingdom_of_denmark	locatedIn	northern_europe
kingdom_of_denmark	neighborOf	federal_republic_of_germany
kingdom_of_lesotho	locatedIn	africa
kingdom_of_lesotho	locatedIn	southern_africa
kingdom_of_lesotho	neighborOf	republic_of_south_africa
kingdom_of_morocco	locatedIn	northern_africa
kingdom_of_morocco	neighborOf	kingdom_of_spain
kingdom_of_morocco	neighborOf	peoples_democratic_republic_of_algeria
kingdom_of_morocco	neighborOf	sahrawi_arab_democratic_republic
kingdom_of_norway	locatedIn	europe
kingdom_of_norway	locatedIn	northern_europe
kingdom_of_norway	neighborOf	kingdom_of_sweden
kingdom_of_norway	neighborOf	republic_of_finland
kingdom_of_norway	neighborOf	russian_federation
kingdom_of_saudi_arabia	locatedIn	asia
kingdom_of_saudi_arabia	locatedIn	western_asia
kingdom_of_saudi_arabia	neighborOf	hashemite_kingdom_of_jordan
kingdom_of_saudi_arabia	neighborOf	republic_of_iraq
kingdom_of_saudi_arabia	neighborOf	republic_of_yemen
kingdom_of_saudi_arabia	neighborOf	state_of_kuwait
kingdom_of_saudi_arabia	neighborOf	state_of_qatar
kingdom_of_saudi_arabia	neighborOf	sultanate_of_oman
kingdom_of_saudi_arabia	neighborOf	united_arab_emirates
kingdom_of_spain	locatedIn	europe
kingdom_of_spain	locatedIn	southern_europe
kingdom_of_spain	neighborOf	french_republic
kingdom_of_spain	neighborOf	gibraltar
kingdom_of_spain	neighborOf	kingdom_of_morocco
kingdom_of_spain	neighborOf	portuguese_republic
kingdom_of_spain	neighborOf	principality_of_andorra
kingdom_of_swaziland	locatedIn	africa
kingdom_of_swaziland	locatedIn	southern_africa
kingdom_of_swaziland	neighborOf	republic_of_mozambique
kingdom_of_swaziland	neighborOf	republic_of_south_africa
kingdom_of_sweden	locatedIn	europe
kingdom_of_sweden	locatedIn	northern_europe
kingdom_of_sweden	neighborOf	kingdom_of_norway
kingdom_of_sweden	neighborOf	republic_of_finland
kingdom_of_thailand	locatedIn	south-eastern_asia
kingdom_of_thailand	neighborOf	kingdom_of_cambodia
kingdom_of_thailand	neighborOf	lao_peoples_democratic_republic
kingdom_of_thailand	neighborOf	malaysia
kingdom_of_thailand	neighborOf	republic_of_the_union_of_myanmar
kingdom_of_tonga	locatedIn	oceania
kingdom_of_tonga	locatedIn	polynesia
kyrgyz_republic	locatedIn	central_asia
kyrgyz_republic	neighborOf	peoples_republic_of_china
kyrgyz_republic	neighborOf	republic_of_kazakhstan
kyrgyz_republic	neighborOf	republic_of_tajikistan
kyrgyz_republic	neighborOf	republic_of_uzbekistan
lao_peoples_democratic_republic	locatedIn	south-eastern_asia
lao_peoples_democratic_republic	neighborOf	kingdom_of_cambodia
lao_peoples_democratic_republic	neighborOf	kingdom_of_thailand
lao_peoples_democratic_republic	neighborOf	peoples_republic_of_china
lao_peoples_democratic_republic	neighborOf	republic_of_the_union_of_myanmar
lao_peoples_democratic_republic	neighborOf	socialist_republic_of_vietnam
lebanese_republic	neighborOf	state_of_israel
lebanese_republic	neighborOf	syrian_arab_republic
macao_special_administrative_region_of_the_peoples_republic_of_china	neighborOf	peoples_republic_of_china
malaysia	locatedIn	south-eastern_asia
malaysia	neighborOf	kingdom_of_thailand
malaysia	neighborOf	nation_of_brunei,_abode_of_peace
malaysia	neighborOf	republic_of_indonesia
martinique	locatedIn	americas
martinique	locatedIn	caribbean
melanesia	locatedIn	oceania
micronesia	locatedIn	oceania
middle_africa	locatedIn	africa
mongolia	locatedIn	asia
mongolia	locatedIn	eastern_asia
mongolia	neighborOf	peoples_republic_of_china
mongolia	neighborOf	russian_federation
montenegro	locatedIn	southern_europe
montenegro	neighborOf	bosnia_and_herzegovina
montenegro	neighborOf	republic_of_albania
montenegro	neighborOf	republic_of_croatia
montenegro	neighborOf	republic_of_kosovo
montenegro	neighborOf	republic_of_serbia
montserrat	locatedIn	americas
montserrat	locatedIn	caribbean
most_serene_republic_of_san_marino	neighborOf	italian_republic
nation_of_brunei,_abode_of_peace	neighborOf	malaysia
netherlands	neighborOf	federal_republic_of_germany
netherlands	neighborOf	kingdom_of_belgium
new_caledonia	locatedIn	melanesia
new_caledonia	locatedIn	oceania
new_zealand	locatedIn	australia_and_new_zealand
new_zealand	locatedIn	oceania
niue	locatedIn	oceania
niue	locatedIn	polynesia
northern_africa	locatedIn	africa
northern_america	locatedIn	americas
northern_europe	locatedIn	europe
oriental_republic_of_uruguay	locatedIn	americas
oriental_republic_of_uruguay	locatedIn	south_america
oriental_republic_of_uruguay	neighborOf	argentine_republic
oriental_republic_of_uruguay	neighborOf	federative_republic_of_brazil
peoples_democratic_republic_of_algeria	neighborOf	islamic_republic_of_mauritania
peoples_democratic_republic_of_algeria	neighborOf	kingdom_of_morocco
peoples_democratic_republic_of_algeria	neighborOf	republic_of_mali
peoples_democratic_republic_of_algeria	neighborOf	republic_of_niger
peoples_democratic_republic_of_algeria	neighborOf	sahrawi_arab_democratic_republic
peoples_democratic_republic_of_algeria	neighborOf	state_of_libya
peoples_democratic_republic_of_algeria	neighborOf	tunisian_republic
peoples_republic_of_bangladesh	neighborOf	republic_of_india
peoples_republic_of_bangladesh	neighborOf	republic_of_the_union_of_myanmar
peoples_republic_of_china	locatedIn	eastern_asia
peoples_republic_of_china	neighborOf	democratic_peoples_republic_of_korea
peoples_republic_of_china	neighborOf	hong_kong_special_administrative_region_of_the_peoples_republic_of_china
peoples_republic_of_china	neighborOf	islamic_republic_of_afghanistan
peoples_republic_of_china	neighborOf	islamic_republic_of_pakistan
peoples_republic_of_china	neighborOf	kingdom_of_bhutan
peoples_republic_of_china	neighborOf	kyrgyz_republic
peoples_republic_of_china	neighborOf	lao_peoples_democratic_republic
peoples_republic_of_china	neighborOf	macao_special_administrative_region_of_the_peoples_republic_of_china
peoples_republic_of_china	neighborOf	mongolia
peoples_republic_of_china	neighborOf	republic_of_india
peoples_republic_of_china	neighborOf	republic_of_kazakhstan
peoples_republic_of_china	neighborOf	republic_of_tajikistan
peoples_republic_of_china	neighborOf	republic_of_the_union_of_myanmar
peoples_republic_of_china	neighborOf	russian_federation
peoples_republic_of_china	neighborOf	socialist_republic_of_vietnam
plurinational_state_of_bolivia	locatedIn	south_america
plurinational_state_of_bolivia	neighborOf	argentine_republic
plurinational_state_of_bolivia	neighborOf	federative_republic_of_brazil
plurinational_state_of_bolivia	neighborOf	republic_of_chile
plurinational_state_of_bolivia	neighborOf	republic_of_paraguay
plurinational_state_of_bolivia	neighborOf	republic_of_peru
polynesia	locatedIn	oceania
portuguese_republic	locatedIn	europe
portuguese_republic	locatedIn	southern_europe
portuguese_republic	neighborOf	kingdom_of_spain
principality_of_andorra	locatedIn	europe
principality_of_andorra	locatedIn	southern_europe
principality_of_andorra	neighborOf	french_republic
principality_of_andorra	neighborOf	kingdom_of_spain
principality_of_liechtenstein	locatedIn	europe
principality_of_liechtenstein	locatedIn	western_europe
principality_of_liechtenstein	neighborOf	republic_of_austria
principality_of_liechtenstein	neighborOf	swiss_confederation
principality_of_monaco	locatedIn	europe
principality_of_monaco	locatedIn	western_europe
principality_of_monaco	neighborOf	french_republic
republic_of_albania	neighborOf	hellenic_republic
republic_of_albania	neighborOf	montenegro
republic_of_albania	neighborOf	republic_of_kosovo
republic_of_albania	neighborOf	republic_of_macedonia
republic_of_angola	neighborOf	democratic_republic_of_the_congo
republic_of_angola	neighborOf	republic_of_namibia
republic_of_angola	neighborOf	republic_of_the_congo
republic_of_angola	neighborOf	republic_of_zambia
republic_of_armenia	locatedIn	asia
republic_of_armenia	locatedIn	western_asia
republic_of_armenia	neighborOf	georgia
republic_of_armenia	neighborOf	islamic_republic_of_iran
republic_of_armenia	neighborOf	republic_of_azerbaijan
republic_of_armenia	neighborOf	republic_of_turkey
republic_of_austria	locatedIn	europe
republic_of_austria	locatedIn	western_europe
republic_of_austria	neighborOf	czech_republic
republic_of_austria	neighborOf	federal_republic_of_germany
republic_of_austria	neighborOf	hungary
republic_of_austria	neighborOf	italian_republic
republic_of_austria	neighborOf	principality_of_liechtenstein
republic_of_austria	neighborOf	republic_of_slovenia
republic_of_austria	neighborOf	slovak_republic
republic_of_austria	neighborOf	swiss_confederation
republic_of_azerbaijan	locatedIn	asia
republic_of_azerbaijan	locatedIn	western_asia
republic_of_azerbaijan	neighborOf	georgia
republic_of_azerbaijan	neighborOf	islamic_republic_of_iran
republic_of_azerbaijan	neighborOf	republic_of_armenia
republic_of_azerbaijan	neighborOf	republic_of_turkey
republic_of_azerbaijan	neighborOf	russian_federation
republic_of_belarus	locatedIn	eastern_europe
republic_of_belarus	neighborOf	republic_of_latvia
republic_of_belarus	neighborOf	republic_of_lithuania
republic_of_belarus	neighborOf	republic_of_poland
republic_of_belarus	neighborOf	russian_federation
republic_of_belarus	neighborOf	ukraine
republic_of_benin	locatedIn	africa
republic_of_benin	locatedIn	western_africa
republic_of_benin	neighborOf	burkina_faso
republic_of_benin	neighborOf	federal_republic_of_nigeria
republic_of_benin	neighborOf	republic_of_niger
republic_of_benin	neighborOf	togolese_republic
republic_of_botswana	locatedIn	africa
republic_of_botswana	locatedIn	southern_africa
republic_of_botswana	neighborOf	republic_of_namibia
republic_of_botswana	neighborOf	republic_of_south_africa
republic_of_botswana	neighborOf	republic_of_zambia
republic_of_botswana	neighborOf	republic_of_zimbabwe
republic_of_bulgaria	locatedIn	eastern_europe
republic_of_bulgaria	locatedIn	europe
republic_of_bulgaria	neighborOf	hellenic_republic
republic_of_bulgaria	neighborOf	republic_of_macedonia
republic_of_bulgaria	neighborOf	republic_of_serbia
republic_of_bulgaria	neighborOf	republic_of_turkey
republic_of_bulgaria	neighborOf	romania
republic_of_burundi	locatedIn	eastern_africa
republic_of_burundi	neighborOf	democratic_republic_of_the_congo
republic_of_burundi	neighborOf	republic_of_rwanda
republic_of_burundi	neighborOf	united_republic_of_tanzania
republic_of_cabo_verde	locatedIn	africa
republic_of_cabo_verde	locatedIn	western_africa
republic_of_cameroon	neighborOf	central_african_republic
republic_of_cameroon	neighborOf	federal_republic_of_nigeria
republic_of_cameroon	neighborOf	gabonese_republic
republic_of_cameroon	neighborOf	republic_of_chad
republic_of_cameroon	neighborOf	republic_of_equatorial_guinea
republic_of_cameroon	neighborOf	republic_of_the_congo
republic_of_chad	neighborOf	central_african_republic
republic_of_chad	neighborOf	federal_republic_of_nigeria
republic_of_chad	neighborOf	republic_of_cameroon
republic_of_chad	neighborOf	republic_of_niger
republic_of_chad	neighborOf	republic_of_south_sudan
republic_of_chad	neighborOf	state_of_libya
republic_of_chile	locatedIn	south_america
republic_of_chile	neighborOf	argentine_republic
republic_of_chile	neighborOf	plurinational_state_of_bolivia
republic_of_chile	neighborOf	republic_of_peru
republic_of_china_taiwan	locatedIn	asia
republic_of_china_taiwan	locatedIn	eastern_asia
republic_of_colombia	locatedIn	south_america
republic_of_colombia	neighborOf	bolivarian_republic_of_venezuela
republic_of_colombia	neighborOf	federative_republic_of_brazil
republic_of_colombia	neighborOf	republic_of_ecuador
republic_of_colombia	neighborOf	republic_of_panama
republic_of_colombia	neighborOf	republic_of_peru
republic_of_costa_rica	locatedIn	central_america
republic_of_costa_rica	neighborOf	republic_of_nicaragua
republic_of_costa_rica	neighborOf	republic_of_panama
republic_of_croatia	neighborOf	bosnia_and_herzegovina
republic_of_croatia	neighborOf	hungary
republic_of_croatia	neighborOf	montenegro
republic_of_croatia	neighborOf	republic_of_serbia
republic_of_croatia	neighborOf	republic_of_slovenia
republic_of_cuba	locatedIn	americas
republic_of_cuba	locatedIn	caribbean
republic_of_cyprus	locatedIn	eastern_europe
republic_of_cyprus	locatedIn	europe
republic_of_cyprus	neighborOf	united_kingdom_of_great_britain_and_northern_ireland
republic_of_côte_divoire	locatedIn	western_africa
republic_of_côte_divoire	neighborOf	burkina_faso
republic_of_côte_divoire	neighborOf	republic_of_ghana
republic_of_côte_divoire	neighborOf	republic_of_guinea
republic_of_côte_divoire	neighborOf	republic_of_liberia
republic_of_côte_divoire	neighborOf	republic_of_mali
republic_of_djibouti	neighborOf	federal_democratic_republic_of_ethiopia
republic_of_djibouti	neighborOf	federal_republic_of_somalia
republic_of_djibouti	neighborOf	state_of_eritrea
republic_of_ecuador	neighborOf	republic_of_colombia
republic_of_ecuador	neighborOf	republic_of_peru
republic_of_el_salvador	locatedIn	americas
republic_of_el_salvador	locatedIn	central_america
republic_of_el_salvador	neighborOf	republic_of_guatemala
republic_of_el_salvador	neighborOf	republic_of_honduras
republic_of_equatorial_guinea	neighborOf	gabonese_republic
republic_of_equatorial_guinea	neighborOf	republic_of_cameroon
republic_of_estonia	locatedIn	europe
republic_of_estonia	locatedIn	northern_europe
republic_of_estonia	neighborOf	republic_of_latvia
republic_of_estonia	neighborOf	russian_federation
republic_of_finland	locatedIn	europe
republic_of_finland	locatedIn	northern_europe
republic_of_finland	neighborOf	kingdom_of_norway
republic_of_finland	neighborOf	kingdom_of_sweden
republic_of_finland	neighborOf	russian_federation
republic_of_ghana	locatedIn	africa
republic_of_ghana	locatedIn	western_africa
republic_of_ghana	neighborOf	burkina_faso
republic_of_ghana	neighborOf	republic_of_côte_divoire
republic_of_ghana	neighborOf	togolese_republic
republic_of_guatemala	locatedIn	americas
republic_of_guatemala	locatedIn	central_america
republic_of_guatemala	neighborOf	belize
republic_of_guatemala	neighborOf	republic_of_el_salvador
republic_of_guatemala	neighborOf	republic_of_honduras
republic_of_guatemala	neighborOf	united_mexican_states
republic_of_guinea	neighborOf	republic_of_côte_divoire
republic_of_guinea	neighborOf	republic_of_guinea-bissau
republic_of_guinea	neighborOf	republic_of_liberia
republic_of_guinea	neighborOf	republic_of_mali
republic_of_guinea	neighborOf	republic_of_senegal
republic_of_guinea	neighborOf	republic_of_sierra_leone
republic_of_guinea-bissau	locatedIn	western_africa
republic_of_guinea-bissau	neighborOf	republic_of_guinea
republic_of_guinea-bissau	neighborOf	republic_of_senegal
republic_of_haiti	neighborOf	dominican_republic
republic_of_honduras	locatedIn	central_america
republic_of_honduras	neighborOf	republic_of_el_salvador
republic_of_honduras	neighborOf	republic_of_guatemala
republic_of_honduras	neighborOf	republic_of_nicaragua
republic_of_india	locatedIn	southern_asia
republic_of_india	neighborOf	democratic_socialist_republic_of_sri_lanka
republic_of_india	neighborOf	federal_democratic_republic_of_nepal
republic_of_india	neighborOf	islamic_republic_of_afghanistan
republic_of_india	neighborOf	islamic_republic_of_pakistan
republic_of_india	neighborOf	kingdom_of_bhutan
republic_of_india	neighborOf	peoples_republic_of_bangladesh
republic_of_india	neighborOf	peoples_republic_of_china
republic_of_india	neighborOf	republic_of_the_union_of_myanmar
republic_of_indonesia	locatedIn	asia
republic_of_indonesia	locatedIn	south-eastern_asia
republic_of_indonesia	neighborOf	democratic_republic_of_timor-leste
republic_of_indonesia	neighborOf	independent_state_of_papua_new_guinea
republic_of_indonesia	neighborOf	malaysia
republic_of_iraq	locatedIn	asia
republic_of_iraq	locatedIn	western_asia
republic_of_iraq	neighborOf	hashemite_kingdom_of_jordan
republic_of_iraq	neighborOf	islamic_republic_of_iran
republic_of_iraq	neighborOf	kingdom_of_saudi_arabia
republic_of_iraq	neighborOf	republic_of_turkey
republic_of_iraq	neighborOf	state_of_kuwait
republic_of_iraq	neighborOf	syrian_arab_republic
republic_of_ireland	locatedIn	europe
republic_of_ireland	locatedIn	northern_europe
republic_of_ireland	neighborOf	united_kingdom_of_great_britain_and_northern_ireland
republic_of_kazakhstan	neighborOf	kyrgyz_republic
republic_of_kazakhstan	neighborOf	peoples_republic_of_china
republic_of_kazakhstan	neighborOf	republic_of_uzbekistan
republic_of_kazakhstan	neighborOf	russian_federation
republic_of_kazakhstan	neighborOf	turkmenistan
republic_of_kenya	neighborOf	federal_democratic_republic_of_ethiopia
republic_of_kenya	neighborOf	federal_republic_of_somalia
republic_of_kenya	neighborOf	republic_of_south_sudan
republic_of_kenya	neighborOf	republic_of_uganda
republic_of_kenya	neighborOf	united_republic_of_tanzania
republic_of_korea	locatedIn	eastern_asia
republic_of_korea	neighborOf	democratic_peoples_republic_of_korea
republic_of_kosovo	neighborOf	montenegro
republic_of_kosovo	neighborOf	republic_of_albania
republic_of_kosovo	neighborOf	republic_of_macedonia
republic_of_kosovo	neighborOf	republic_of_serbia
republic_of_latvia	locatedIn	europe
republic_of_latvia	locatedIn	northern_europe
republic_of_latvia	neighborOf	republic_of_belarus
republic_of_latvia	neighborOf	republic_of_estonia
republic_of_latvia	neighborOf	republic_of_lithuania
republic_of_latvia	neighborOf	russian_federation
republic_of_liberia	locatedIn	western_africa
republic_of_liberia	neighborOf	republic_of_côte_divoire
republic_of_liberia	neighborOf	republic_of_guinea
republic_of_liberia	neighborOf	republic_of_sierra_leone
republic_of_lithuania	locatedIn	europe
republic_of_lithuania	locatedIn	northern_europe
republic_of_lithuania	neighborOf	republic_of_belarus
republic_of_lithuania	neighborOf	republic_of_latvia
republic_of_lithuania	neighborOf	republic_of_poland
republic_of_lithuania	neighborOf	russian_federation
republic_of_macedonia	locatedIn	southern_europe
republic_of_macedonia	neighborOf	hellenic_republic
republic_of_macedonia	neighborOf	republic_of_albania
republic_of_macedonia	neighborOf	republic_of_bulgaria
republic_of_macedonia	neighborOf	republic_of_kosovo
republic_of_macedonia	neighborOf	republic_of_serbia
republic_of_madagascar	locatedIn	africa
republic_of_madagascar	locatedIn	eastern_africa
republic_of_malawi	neighborOf	republic_of_mozambique
republic_of_malawi	neighborOf	republic_of_zambia
republic_of_malawi	neighborOf	united_republic_of_tanzania
republic_of_mali	locatedIn	western_africa
republic_of_mali	neighborOf	burkina_faso
republic_of_mali	neighborOf	islamic_republic_of_mauritania
republic_of_mali	neighborOf	peoples_democratic_republic_of_algeria
republic_of_mali	neighborOf	republic_of_côte_divoire
republic_of_mali	neighborOf	republic_of_guinea
republic_of_mali	neighborOf	republic_of_niger
republic_of_mali	neighborOf	republic_of_senegal
republic_of_mauritius	locatedIn	africa
republic_of_mauritius	locatedIn	eastern_africa
republic_of_moldova	locatedIn	eastern_europe
republic_of_moldova	neighborOf	romania
republic_of_moldova	neighborOf	ukraine
republic_of_mozambique	locatedIn	eastern_africa
republic_of_mozambique	neighborOf	kingdom_of_swaziland
republic_of_mozambique	neighborOf	republic_of_malawi
republic_of_mozambique	neighborOf	republic_of_south_africa
republic_of_mozambique	neighborOf	republic_of_zambia
republic_of_mozambique	neighborOf	republic_of_zimbabwe
republic_of_mozambique	neighborOf	united_republic_of_tanzania
republic_of_namibia	locatedIn	southern_africa
republic_of_namibia	neighborOf	republic_of_angola
republic_of_namibia	neighborOf	republic_of_botswana
republic_of_namibia	neighborOf	republic_of_south_africa
republic_of_namibia	neighborOf	republic_of_zambia
republic_of_nauru	locatedIn	micronesia
republic_of_nauru	locatedIn	oceania
republic_of_nicaragua	neighborOf	republic_of_costa_rica
republic_of_nicaragua	neighborOf	republic_of_honduras
republic_of_niger	locatedIn	western_africa
republic_of_niger	neighborOf	burkina_faso
republic_of_niger	neighborOf	federal_republic_of_nigeria
republic_of_niger	neighborOf	peoples_democratic_republic_of_algeria
republic_of_niger	neighborOf	republic_of_benin
republic_of_niger	neighborOf	republic_of_chad
republic_of_niger	neighborOf	republic_of_mali
republic_of_niger	neighborOf	state_of_libya
republic_of_palau	locatedIn	micronesia
republic_of_palau	locatedIn	oceania
republic_of_panama	locatedIn	americas
republic_of_panama	locatedIn	central_america
republic_of_panama	neighborOf	republic_of_colombia
republic_of_panama	neighborOf	republic_of_costa_rica
republic_of_paraguay	locatedIn	americas
republic_of_paraguay	locatedIn	south_america
republic_of_paraguay	neighborOf	argentine_republic
republic_of_paraguay	neighborOf	federative_republic_of_brazil
republic_of_paraguay	neighborOf	plurinational_state_of_bolivia
republic_of_peru	neighborOf	federative_republic_of_brazil
republic_of_peru	neighborOf	plurinational_state_of_bolivia
republic_of_peru	neighborOf	republic_of_chile
republic_of_peru	neighborOf	republic_of_colombia
republic_of_peru	neighborOf	republic_of_ecuador
republic_of_poland	locatedIn	eastern_europe
republic_of_poland	neighborOf	czech_republic
republic_of_poland	neighborOf	federal_republic_of_germany
republic_of_poland	neighborOf	republic_of_belarus
republic_of_poland	neighborOf	republic_of_lithuania
republic_of_poland	neighborOf	russian_federation
republic_of_poland	neighborOf	slovak_republic
republic_of_poland	neighborOf	ukraine
republic_of_rwanda	locatedIn	eastern_africa
republic_of_rwanda	neighborOf	democratic_republic_of_the_congo
republic_of_rwanda	neighborOf	republic_of_burundi
republic_of_rwanda	neighborOf	republic_of_uganda
republic_of_rwanda	neighborOf	united_republic_of_tanzania
republic_of_senegal	locatedIn	western_africa
republic_of_senegal	neighborOf	islamic_republic_of_mauritania
republic_of_senegal	neighborOf	republic_of_guinea
republic_of_senegal	neighborOf	republic_of_guinea-bissau
republic_of_senegal	neighborOf	republic_of_mali
republic_of_senegal	neighborOf	republic_of_the_gambia
republic_of_serbia	locatedIn	southern_europe
republic_of_serbia	neighborOf	bosnia_and_herzegovina
republic_of_serbia	neighborOf	hungary
republic_of_serbia	neighborOf	montenegro
republic_of_serbia	neighborOf	republic_of_bulgaria
republic_of_serbia	neighborOf	republic_of_croatia
republic_of_serbia	neighborOf	republic_of_kosovo
republic_of_serbia	neighborOf	republic_of_macedonia
republic_of_serbia	neighborOf	romania
republic_of_seychelles	locatedIn	africa
republic_of_seychelles	locatedIn	eastern_africa
republic_of_sierra_leone	locatedIn	western_africa
republic_of_sierra_leone	neighborOf	republic_of_guinea
republic_of_sierra_leone	neighborOf	republic_of_liberia
republic_of_singapore	locatedIn	asia
republic_of_singapore	locatedIn	south-eastern_asia
republic_of_slovenia	locatedIn	southern_europe
republic_of_slovenia	neighborOf	hungary
republic_of_slovenia	neighborOf	italian_republic
republic_of_slovenia	neighborOf	republic_of_austria
republic_of_slovenia	neighborOf	republic_of_croatia
republic_of_south_africa	locatedIn	africa
republic_of_south_africa	locatedIn	southern_africa
republic_of_south_africa	neighborOf	kingdom_of_lesotho
republic_of_south_africa	neighborOf	kingdom_of_swaziland
republic_of_south_africa	neighborOf	republic_of_botswana
republic_of_south_africa	neighborOf	republic_of_mozambique
republic_of_south_africa	neighborOf	republic_of_namibia
republic_of_south_africa	neighborOf	republic_of_zimbabwe
republic_of_south_sudan	locatedIn	middle_africa
republic_of_south_sudan	neighborOf	central_african_republic
republic_of_south_sudan	neighborOf	democratic_republic_of_the_congo
republic_of_south_sudan	neighborOf	federal_democratic_republic_of_ethiopia
republic_of_south_sudan	neighborOf	republic_of_kenya
republic_of_south_sudan	neighborOf	republic_of_the_sudan
republic_of_south_sudan	neighborOf	republic_of_uganda
republic_of_suriname	locatedIn	south_america
republic_of_suriname	neighborOf	co-operative_republic_of_guyana
republic_of_suriname	neighborOf	federative_republic_of_brazil
republic_of_suriname	neighborOf	guiana
republic_of_tajikistan	locatedIn	asia
republic_of_tajikistan	locatedIn	central_asia
republic_of_tajikistan	neighborOf	islamic_republic_of_afghanistan
republic_of_tajikistan	neighborOf	kyrgyz_republic
republic_of_tajikistan	neighborOf	peoples_republic_of_china
republic_of_tajikistan	neighborOf	republic_of_uzbekistan
republic_of_the_congo	locatedIn	middle_africa
republic_of_the_congo	neighborOf	central_african_republic
republic_of_the_congo	neighborOf	democratic_republic_of_the_congo
republic_of_the_congo	neighborOf	gabonese_republic
republic_of_the_congo	neighborOf	republic_of_angola
republic_of_the_congo	neighborOf	republic_of_cameroon
republic_of_the_gambia	locatedIn	africa
republic_of_the_gambia	locatedIn	western_africa
republic_of_the_gambia	neighborOf	republic_of_senegal
republic_of_the_maldives	locatedIn	asia
republic_of_the_maldives	locatedIn	southern_asia
republic_of_the_philippines	locatedIn	asia
republic_of_the_philippines	locatedIn	south-eastern_asia
republic_of_the_sudan	locatedIn	northern_africa
republic_of_the_sudan	neighborOf	arab_republic_of_egypt
republic_of_the_sudan	neighborOf	central_african_republic
republic_of_the_sudan	neighborOf	federal_democratic_republic_of_ethiopia
republic_of_the_sudan	neighborOf	republic_of_chad
republic_of_the_sudan	neighborOf	republic_of_south_sudan
republic_of_the_sudan	neighborOf	state_of_eritrea
republic_of_the_sudan	neighborOf	state_of_libya
republic_of_the_union_of_myanmar	neighborOf	kingdom_of_thailand
republic_of_the_union_of_myanmar	neighborOf	lao_peoples_democratic_republic
republic_of_the_union_of_myanmar	neighborOf	peoples_republic_of_bangladesh
republic_of_the_union_of_myanmar	neighborOf	peoples_republic_of_china
republic_of_the_union_of_myanmar	neighborOf	republic_of_india
republic_of_trinidad_and_tobago	locatedIn	americas
republic_of_trinidad_and_tobago	locatedIn	caribbean
republic_of_turkey	locatedIn	asia
republic_of_turkey	locatedIn	western_asia
republic_of_turkey	neighborOf	georgia
republic_of_turkey	neighborOf	hellenic_republic
republic_of_turkey	neighborOf	islamic_republic_of_iran
republic_of_turkey	neighborOf	republic_of_armenia
republic_of_turkey	neighborOf	republic_of_azerbaijan
republic_of_turkey	neighborOf	republic_of_bulgaria
republic_of_turkey	neighborOf	republic_of_iraq
republic_of_turkey	neighborOf	syrian_arab_republic
republic_of_uganda	locatedIn	eastern_africa
republic_of_uganda	neighborOf	democratic_republic_of_the_congo
republic_of_uganda	neighborOf	republic_of_kenya
republic_of_uganda	neighborOf	republic_of_rwanda
republic_of_uganda	neighborOf	republic_of_south_sudan
republic_of_uganda	neighborOf	united_republic_of_tanzania
republic_of_uzbekistan	locatedIn	central_asia
republic_of_uzbekistan	neighborOf	islamic_republic_of_afghanistan
republic_of_uzbekistan	neighborOf	kyrgyz_republic
republic_of_uzbekistan	neighborOf	republic_of_kazakhstan
republic_of_uzbekistan	neighborOf	republic_of_tajikistan
republic_of_uzbekistan	neighborOf	turkmenistan
republic_of_vanuatu	locatedIn	melanesia
republic_of_vanuatu	locatedIn	oceania
republic_of_yemen	locatedIn	asia
republic_of_yemen	locatedIn	western_asia
republic_of_yemen	neighborOf	kingdom_of_saudi_arabia
republic_of_yemen	neighborOf	sultanate_of_oman
republic_of_zambia	locatedIn	eastern_africa
republic_of_zambia	neighborOf	democratic_republic_of_the_congo
republic_of_zambia	neighborOf	republic_of_angola
republic_of_zambia	neighborOf	republic_of_botswana
republic_of_zambia	neighborOf	republic_of_malawi
republic_of_zambia	neighborOf	republic_of_mozambique
republic_of_zambia	neighborOf	republic_of_namibia
republic_of_zambia	neighborOf	republic_of_zimbabwe
republic_of_zambia	neighborOf	united_republic_of_tanzania
republic_of_zimbabwe	locatedIn	africa
republic_of_zimbabwe	locatedIn	eastern_africa
republic_of_zimbabwe	neighborOf	republic_of_botswana
republic_of_zimbabwe	neighborOf	republic_of_mozambique
republic_of_zimbabwe	neighborOf	republic_of_south_africa
republic_of_zimbabwe	neighborOf	republic_of_zambia
romania	locatedIn	eastern_europe
romania	neighborOf	hungary
romania	neighborOf	republic_of_bulgaria
romania	neighborOf	republic_of_moldova
romania	neighborOf	republic_of_serbia
romania	neighborOf	ukraine
russian_federation	locatedIn	eastern_europe
russian_federation	neighborOf	democratic_peoples_republic_of_korea
russian_federation	neighborOf	georgia
russian_federation	neighborOf	kingdom_of_norway
russian_federation	neighborOf	mongolia
russian_federation	neighborOf	peoples_republic_of_china
russian_federation	neighborOf	republic_of_azerbaijan
russian_federation	neighborOf	republic_of_belarus
russian_federation	neighborOf	republic_of_estonia
russian_federation	neighborOf	republic_of_finland
russian_federation	neighborOf	republic_of_kazakhstan
russian_federation	neighborOf	republic_of_latvia
russian_federation	neighborOf	republic_of_lithuania
russian_federation	neighborOf	republic_of_poland
russian_federation	neighborOf	ukraine
réunion_island	locatedIn	africa
réunion_island	locatedIn	eastern_africa
sahrawi_arab_democratic_republic	neighborOf	islamic_republic_of_mauritania
sahrawi_arab_democratic_republic	neighborOf	kingdom_of_morocco
sahrawi_arab_democratic_republic	neighborOf	peoples_democratic_republic_of_algeria
saint_lucia	locatedIn	americas
saint_lucia	locatedIn	caribbean
saint_martin	locatedIn	americas
saint_martin	locatedIn	caribbean
saint_martin	neighborOf	sint_maarten
saint_pierre_and_miquelon	locatedIn	americas
saint_pierre_and_miquelon	locatedIn	northern_america
saint_vincent_and_the_grenadines	locatedIn	americas
saint_vincent_and_the_grenadines	locatedIn	caribbean
sint_maarten	locatedIn	americas
sint_maarten	locatedIn	caribbean
sint_maarten	neighborOf	saint_martin
slovak_republic	locatedIn	central_europe
slovak_republic	neighborOf	czech_republic
slovak_republic	neighborOf	hungary
slovak_republic	neighborOf	republic_of_austria
slovak_republic	neighborOf	republic_of_poland
slovak_republic	neighborOf	ukraine
socialist_republic_of_vietnam	locatedIn	asia
socialist_republic_of_vietnam	locatedIn	south-eastern_asia
socialist_republic_of_vietnam	neighborOf	kingdom_of_cambodia
socialist_republic_of_vietnam	neighborOf	lao_peoples_democratic_republic
socialist_republic_of_vietnam	neighborOf	peoples_republic_of_china
solomon_islands	locatedIn	melanesia
solomon_islands	locatedIn	oceania
south-eastern_asia	locatedIn	asia
south_america	locatedIn	americas
southern_africa	locatedIn	africa
southern_asia	locatedIn	asia
southern_europe	locatedIn	europe
state_of_eritrea	neighborOf	federal_democratic_republic_of_ethiopia
state_of_eritrea	neighborOf	republic_of_djibouti
state_of_eritrea	neighborOf	republic_of_the_sudan
state_of_israel	neighborOf	arab_republic_of_egypt
state_of_israel	neighborOf	hashemite_kingdom_of_jordan
state_of_israel	neighborOf	lebanese_republic
state_of_israel	neighborOf	syrian_arab_republic
state_of_kuwait	locatedIn	asia
state_of_kuwait	locatedIn	western_asia
state_of_kuwait	neighborOf	kingdom_of_saudi_arabia
state_of_kuwait	neighborOf	republic_of_iraq
state_of_libya	locatedIn	northern_africa
state_of_libya	neighborOf	arab_republic_of_egypt
state_of_libya	neighborOf	peoples_democratic_republic_of_algeria
state_of_libya	neighborOf	republic_of_chad
state_of_libya	neighborOf	republic_of_niger
state_of_libya	neighborOf	republic_of_the_sudan
state_of_libya	neighborOf	tunisian_republic
state_of_palestine	neighborOf	arab_republic_of_egypt
state_of_palestine	neighborOf	hashemite_kingdom_of_jordan
state_of_palestine	neighborOf	state_of_israel
state_of_qatar	locatedIn	asia
state_of_qatar	locatedIn	western_asia
state_of_qatar	neighborOf	kingdom_of_saudi_arabia
sultanate_of_oman	locatedIn	asia
sultanate_of_oman	locatedIn	western_asia
sultanate_of_oman	neighborOf	kingdom_of_saudi_arabia
sultanate_of_oman	neighborOf	republic_of_yemen
sultanate_of_oman	neighborOf	united_arab_emirates
svalbard_og_jan_mayen	locatedIn	europe
svalbard_og_jan_mayen	locatedIn	northern_europe
swiss_confederation	locatedIn	europe
swiss_confederation	locatedIn	western_europe
swiss_confederation	neighborOf	federal_republic_of_germany
swiss_confederation	neighborOf	french_republic
swiss_confederation	neighborOf	italian_republic
swiss_confederation	neighborOf	principality_of_liechtenstein
swiss_confederation	neighborOf	republic_of_austria
syrian_arab_republic	locatedIn	western_asia
syrian_arab_republic	neighborOf	hashemite_kingdom_of_jordan
syrian_arab_republic	neighborOf	lebanese_republic
syrian_arab_republic	neighborOf	republic_of_iraq
syrian_arab_republic	neighborOf	republic_of_turkey
syrian_arab_republic	neighborOf	state_of_israel
territory_of_norfolk_island	locatedIn	australia_and_new_zealand
territory_of_norfolk_island	locatedIn	oceania
territory_of_the_wallis_and_futuna_islands	locatedIn	oceania
territory_of_the_wallis_and_futuna_islands	locatedIn	polynesia
togolese_republic	locatedIn	africa
togolese_republic	locatedIn	western_africa
togolese_republic	neighborOf	burkina_faso
togolese_republic	neighborOf	republic_of_benin
togolese_republic	neighborOf	republic_of_ghana
tokelau	locatedIn	oceania
tokelau	locatedIn	polynesia
tunisian_republic	neighborOf	peoples_democratic_republic_of_algeria
tunisian_republic	neighborOf	state_of_libya
turkmenistan	locatedIn	central_asia
turkmenistan	neighborOf	islamic_republic_of_afghanistan
turkmenistan	neighborOf	islamic_republic_of_iran
turkmenistan	neighborOf	republic_of_kazakhstan
turkmenistan	neighborOf	republic_of_uzbekistan
turks_and_caicos_islands	locatedIn	americas
turks_and_caicos_islands	locatedIn	caribbean
tuvalu	locatedIn	oceania
tuvalu	locatedIn	polynesia
ukraine	neighborOf	hungary
ukraine	neighborOf	republic_of_belarus
ukraine	neighborOf	republic_of_moldova
ukraine	neighborOf	republic_of_poland
ukraine	neighborOf	romania
ukraine	neighborOf	russian_federation
ukraine	neighborOf	slovak_republic
union_of_the_comoros	locatedIn	africa
union_of_the_comoros	locatedIn	eastern_africa
united_arab_emirates	locatedIn	asia
united_arab_emirates	locatedIn	western_asia
united_arab_emirates	neighborOf	kingdom_of_saudi_arabia
united_arab_emirates	neighborOf	sultanate_of_oman
united_kingdom_of_great_britain_and_northern_ireland	locatedIn	europe
united_kingdom_of_great_britain_and_northern_ireland	locatedIn	northern_europe
united_kingdom_of_great_britain_and_northern_ireland	neighborOf	republic_of_ireland
united_mexican_states	locatedIn	americas
united_mexican_states	locatedIn	northern_america
united_mexican_states	neighborOf	belize
united_mexican_states	neighborOf	republic_of_guatemala
united_mexican_states	neighborOf	united_states_of_america
united_republic_of_tanzania	locatedIn	eastern_africa
united_republic_of_tanzania	neighborOf	democratic_republic_of_the_congo
united_republic_of_tanzania	neighborOf	republic_of_burundi
united_republic_of_tanzania	neighborOf	republic_of_kenya
united_republic_of_tanzania	neighborOf	republic_of_malawi
united_republic_of_tanzania	neighborOf	republic_of_mozambique
united_republic_of_tanzania	neighborOf	republic_of_rwanda
united_republic_of_tanzania	neighborOf	republic_of_uganda
united_republic_of_tanzania	neighborOf	republic_of_zambia
united_states_minor_outlying_islands	locatedIn	americas
united_states_minor_outlying_islands	locatedIn	northern_america
united_states_of_america	locatedIn	northern_america
united_states_of_america	neighborOf	canada
united_states_of_america	neighborOf	united_mexican_states
vatican_city_state	locatedIn	europe
vatican_city_state	locatedIn	southern_europe
vatican_city_state	neighborOf	italian_republic
virgin_islands	locatedIn	americas
virgin_islands	locatedIn	caribbean
virgin_islands_of_the_united_states	locatedIn	americas
virgin_islands_of_the_united_states	locatedIn	caribbean
western_africa	locatedIn	africa
western_asia	locatedIn	asia
western_europe	locatedIn	europe
åland_islands	locatedIn	europe
åland_islands	locatedIn	northern_europe
