Course18	taughtBy	Person373
Course151	taughtBy	Person290
Course38	taughtBy	Person204
Course48	taughtBy	Person107
Course21	taughtBy	Person99
Course18	taughtBy	Person326
Course151	taughtBy	Person235
Course38	taughtBy	Person104
Course20	taughtBy	Person180
Course62	taughtBy	Person101
Course129	taughtBy	Person373
Course2	taughtBy	Person180
Course18	taughtBy	Person107
Course151	taughtBy	Person267
Course80	taughtBy	Person180
Course30	taughtBy	Person290
Course8	taughtBy	Person297
Course120	taughtBy	Person235
Course74	taughtBy	Person124
Course18	taughtBy	Person213
Course151	taughtBy	Person179
Course38	taughtBy	Person104
Course48	taughtBy	Person375
Course4	taughtBy	Person107
Course18	taughtBy	Person107
Course151	taughtBy	Person290
Course38	taughtBy	Person124
Course20	taughtBy	Person180
Course62	taughtBy	Person101
Course129	taughtBy	Person213
Course166	taughtBy	Person235
Course2	taughtBy	Person180
Course34	taughtBy	Person179
Course18	taughtBy	Person326
Course151	taughtBy	Person234
Course80	taughtBy	Person98
Course30	taughtBy	Person290
Course75	taughtBy	Person267
Course8	taughtBy	Person297
Course116	taughtBy	Person375
Course120	taughtBy	Person235
Course74	taughtBy	Person104
Course14	taughtBy	Person124
Course162	taughtBy	Person213
Course18	taughtBy	Person107
Course151	taughtBy	Person267
Course38	taughtBy	Person104
Course48	taughtBy	Person375
Course30	taughtBy	Person290
Course129	taughtBy	Person213
Course74	taughtBy	Person124
Course18	taughtBy	Person290
Course151	taughtBy	Person179
Course38	taughtBy	Person104
Course75	taughtBy	Person267
Course139	taughtBy	Person235
Course167	taughtBy	Person98
Course18	taughtBy	Person375
Course151	taughtBy	Person234
Course80	taughtBy	Person98
Course30	taughtBy	Person290
Course21	taughtBy	Person22
Course120	taughtBy	Person235
Course4	taughtBy	Person107
Course151	taughtBy	Person179
Course38	taughtBy	Person124
Course48	taughtBy	Person213
Course74	taughtBy	Person104
Course18	taughtBy	Person290
Course151	taughtBy	Person82
Course38	taughtBy	Person255
Course20	taughtBy	Person180
Course75	taughtBy	Person267
Course129	taughtBy	Person213
Course23	taughtBy	Person179
Course9	taughtBy	Person235
Course18	taughtBy	Person375
Course151	taughtBy	Person234
Course80	taughtBy	Person101
Course30	taughtBy	Person290
Course120	taughtBy	Person235
Course120	taughtBy	Person82
Course5	courseLevel	Level_300
Course18	courseLevel	Level_300
Course21	courseLevel	Level_400
Course151	courseLevel	Level_400
Course38	courseLevel	Level_400
Course45	courseLevel	Level_400
Course20	courseLevel	Level_400
Course48	courseLevel	Level_400
Course62	courseLevel	Level_400
Course80	courseLevel	Level_400
Course30	courseLevel	Level_400
Course174	courseLevel	Level_400
Course75	courseLevel	Level_400
Course8	courseLevel	Level_400
Course129	courseLevel	Level_500
Course116	courseLevel	Level_500
Course120	courseLevel	Level_500
Course166	courseLevel	Level_500
Course74	courseLevel	Level_500
Course2	courseLevel	Level_500
Course4	courseLevel	Level_500
Course34	courseLevel	Level_500
Course14	courseLevel	Level_500
Course167	courseLevel	Level_500
Course139	courseLevel	Level_500
Course162	courseLevel	Level_500
Course61	courseLevel	Level_500
Course23	courseLevel	Level_500
Course9	courseLevel	Level_500
Course87	courseLevel	Level_500
Course88	courseLevel	Level_500
Person124	hasPosition	Faculty
Person375	hasPosition	Faculty_emeritus
Person234	hasPosition	Faculty
Person101	hasPosition	Faculty
Person180	hasPosition	Faculty
Person98	hasPosition	Faculty
Person107	hasPosition	Faculty
Person235	hasPosition	Faculty
Person297	hasPosition	Faculty_emeritus
Person82	hasPosition	Faculty
Person179	hasPosition	Faculty
Person213	hasPosition	Faculty
Person22	hasPosition	Faculty_emeritus
Person373	hasPosition	Faculty
Person104	hasPosition	Faculty
Person290	hasPosition	Faculty
Person19	inPhase	Pre_Quals
Person398	inPhase	Pre_Quals
Person368	inPhase	Post_Generals
Person130	inPhase	Post_Generals
Person299	inPhase	Pre_Quals
Person175	inPhase	Post_Generals
Person255	inPhase	Post_Generals
Person411	inPhase	Post_Generals
Person426	inPhase	Post_Quals
Person99	inPhase	Post_Quals
Person212	inPhase	Post_Generals
Person403	inPhase	Post_Generals
Person402	inPhase	Pre_Quals
Person391	inPhase	Post_Quals
Person253	inPhase	Post_Generals
Person280	inPhase	Pre_Quals
Person417	inPhase	Pre_Quals
Person92	inPhase	Post_Generals
Person419	inPhase	Post_Generals
Person357	inPhase	Post_Quals
Person67	inPhase	Post_Generals
Person222	inPhase	Pre_Quals
Person89	inPhase	Post_Generals
Person277	inPhase	Pre_Quals
Person15	inPhase	Post_Quals
Person80	inPhase	Post_Generals
Person376	inPhase	Post_Quals
Person62	inPhase	Pre_Quals
Person218	inPhase	Post_Generals
Person186	inPhase	Pre_Quals
Person187	inPhase	Pre_Quals
Person343	inPhase	Pre_Quals
Person154	inPhase	Post_Quals
Person204	inPhase	Post_Generals
Person126	inPhase	Post_Quals
Person129	inPhase	Post_Generals
Person374	inPhase	Post_Generals
Person155	inPhase	Pre_Quals
Person100	inPhase	Post_Quals
Person116	inPhase	Pre_Quals
Person19	tempAdvisedBy	Person98
Person398	tempAdvisedBy	Person213
Person299	tempAdvisedBy	Person235
Person175	tempAdvisedBy	Person107
Person402	tempAdvisedBy	Person234
Person417	tempAdvisedBy	Person104
Person277	tempAdvisedBy	Person235
Person186	tempAdvisedBy	Person290
Person187	tempAdvisedBy	Person180
Person343	tempAdvisedBy	Person213
Person19	yearsInProgram	Year_1
Person398	yearsInProgram	Year_1
Person368	yearsInProgram	Year_4
Person130	yearsInProgram	Year_8
Person299	yearsInProgram	Year_3
Person175	yearsInProgram	Year_2
Person255	yearsInProgram	Year_5
Person411	yearsInProgram	Year_6
Person426	yearsInProgram	Year_5
Person99	yearsInProgram	Year_2
Person212	yearsInProgram	Year_7
Person403	yearsInProgram	Year_12
Person402	yearsInProgram	Year_2
Person391	yearsInProgram	Year_4
Person253	yearsInProgram	Year_5
Person280	yearsInProgram	Year_3
Person417	yearsInProgram	Year_1
Person92	yearsInProgram	Year_5
Person419	yearsInProgram	Year_7
Person357	yearsInProgram	Year_4
Person67	yearsInProgram	Year_6
Person222	yearsInProgram	Year_1
Person89	yearsInProgram	Year_5
Person277	yearsInProgram	Year_1
Person15	yearsInProgram	Year_3
Person80	yearsInProgram	Year_6
Person376	yearsInProgram	Year_4
Person62	yearsInProgram	Year_2
Person218	yearsInProgram	Year_12
Person186	yearsInProgram	Year_1
Person187	yearsInProgram	Year_1
Person343	yearsInProgram	Year_1
Person154	yearsInProgram	Year_4
Person204	yearsInProgram	Year_6
Person126	yearsInProgram	Year_5
Person129	yearsInProgram	Year_6
Person374	yearsInProgram	Year_12
Person155	yearsInProgram	Year_2
Person100	yearsInProgram	Year_5
Person116	yearsInProgram	Year_3
Course18	ta	Person398
Course18	ta	Person274
Course151	ta	Person4
Course151	ta	Person299
Course151	ta	Person71
Course38	ta	Person222
Course38	ta	Person207
Course20	ta	Person368
Course129	ta	Person67
Course23	ta	Person116
Course88	ta	Person130
Course18	ta	Person277
Course18	ta	Person67
Course151	ta	Person4
Course151	ta	Person129
Course38	ta	Person190
Course38	ta	Person222
Course38	ta	Person207
Course45	ta	Person155
Course45	ta	Person71
Course48	ta	Person155
Course18	ta	Person274
Course21	ta	Person198
Course151	ta	Person269
Course80	ta	Person358
Course61	ta	Person155
Course18	ta	Person116
Course151	ta	Person155
Course38	ta	Person62
Course18	ta	Person354
Course18	ta	Person155
Course151	ta	Person167
Course151	ta	Person186
Course38	ta	Person154
Course45	ta	Person358
Course74	ta	Person255
Course18	ta	Person67
Course151	ta	Person299
Course30	ta	Person116
Course174	ta	Person123
Course74	ta	Person204
Course14	ta	Person15
Course18	ta	Person15
Course18	ta	Person280
Course151	ta	Person223
Course151	ta	Person299
Course38	ta	Person357
Course38	ta	Person255
Course38	ta	Person92
Course20	ta	Person84
Course62	ta	Person126
Course129	ta	Person340
Course166	ta	Person100
Course88	taughtBy	Person235
Course61	taughtBy	Person107
Course174	taughtBy	Person267
professor	unary	Person22
professor	unary	Person124
professor	unary	Person375
professor	unary	Person179
professor	unary	Person297
professor	unary	Person326
professor	unary	Person267
professor	unary	Person234
professor	unary	Person101
professor	unary	Person180
professor	unary	Person98
professor	unary	Person107
professor	unary	Person235
professor	unary	Person82
professor	unary	Person213
professor	unary	Person373
professor	unary	Person104
professor	unary	Person290
student	unary	Person19
student	unary	Person398
student	unary	Person368
student	unary	Person130
student	unary	Person299
student	unary	Person175
student	unary	Person255
student	unary	Person411
student	unary	Person426
student	unary	Person99
student	unary	Person212
student	unary	Person403
student	unary	Person402
student	unary	Person391
student	unary	Person253
student	unary	Person280
student	unary	Person417
student	unary	Person92
student	unary	Person419
student	unary	Person357
student	unary	Person67
student	unary	Person222
student	unary	Person89
student	unary	Person277
student	unary	Person15
student	unary	Person80
student	unary	Person376
student	unary	Person62
student	unary	Person218
student	unary	Person186
student	unary	Person187
student	unary	Person343
student	unary	Person154
student	unary	Person204
student	unary	Person126
student	unary	Person129
student	unary	Person374
student	unary	Person155
student	unary	Person100
student	unary	Person116
student	unary	Person274
student	unary	Person4
student	unary	Person71
student	unary	Person207
student	unary	Person190
student	unary	Person198
student	unary	Person269
student	unary	Person358
student	unary	Person354
student	unary	Person167
student	unary	Person123
student	unary	Person223
student	unary	Person84
student	unary	Person340
Person22	samePerson	Person22
Person124	samePerson	Person124
Person375	samePerson	Person375
Person179	samePerson	Person179
Person297	samePerson	Person297
Person326	samePerson	Person326
Person267	samePerson	Person267
Person234	samePerson	Person234
Person101	samePerson	Person101
Person180	samePerson	Person180
Person98	samePerson	Person98
Person107	samePerson	Person107
Person235	samePerson	Person235
Person82	samePerson	Person82
Person213	samePerson	Person213
Person373	samePerson	Person373
Person104	samePerson	Person104
Person290	samePerson	Person290
Person19	samePerson	Person19
Person398	samePerson	Person398
Person368	samePerson	Person368
Person130	samePerson	Person130
Person299	samePerson	Person299
Person175	samePerson	Person175
Person255	samePerson	Person255
Person411	samePerson	Person411
Person426	samePerson	Person426
Person99	samePerson	Person99
Person212	samePerson	Person212
Person403	samePerson	Person403
Person402	samePerson	Person402
Person391	samePerson	Person391
Person253	samePerson	Person253
Person280	samePerson	Person280
Person417	samePerson	Person417
Person92	samePerson	Person92
Person419	samePerson	Person419
Person357	samePerson	Person357
Person67	samePerson	Person67
Person222	samePerson	Person222
Person89	samePerson	Person89
Person277	samePerson	Person277
Person15	samePerson	Person15
Person80	samePerson	Person80
Person376	samePerson	Person376
Person62	samePerson	Person62
Person218	samePerson	Person218
Person186	samePerson	Person186
Person187	samePerson	Person187
Person343	samePerson	Person343
Person154	samePerson	Person154
Person204	samePerson	Person204
Person126	samePerson	Person126
Person129	samePerson	Person129
Person374	samePerson	Person374
Person155	samePerson	Person155
Person100	samePerson	Person100
Person116	samePerson	Person116
Person274	samePerson	Person274
Person4	samePerson	Person4
Person71	samePerson	Person71
Person207	samePerson	Person207
Person190	samePerson	Person190
Person198	samePerson	Person198
Person269	samePerson	Person269
Person358	samePerson	Person358
Person354	samePerson	Person354
Person167	samePerson	Person167
Person123	samePerson	Person123
Person223	samePerson	Person223
Person84	samePerson	Person84
Person340	samePerson	Person340
Course5	sameCourse	Course5
Course18	sameCourse	Course18
Course21	sameCourse	Course21
Course151	sameCourse	Course151
Course38	sameCourse	Course38
Course45	sameCourse	Course45
Course20	sameCourse	Course20
Course48	sameCourse	Course48
Course62	sameCourse	Course62
Course80	sameCourse	Course80
Course30	sameCourse	Course30
Course75	sameCourse	Course75
Course8	sameCourse	Course8
Course129	sameCourse	Course129
Course116	sameCourse	Course116
Course120	sameCourse	Course120
Course166	sameCourse	Course166
Course74	sameCourse	Course74
Course2	sameCourse	Course2
Course4	sameCourse	Course4
Course34	sameCourse	Course34
Course14	sameCourse	Course14
Course167	sameCourse	Course167
Course139	sameCourse	Course139
Course162	sameCourse	Course162
Course61	sameCourse	Course61
Course23	sameCourse	Course23
Course9	sameCourse	Course9
Course87	sameCourse	Course87
Course174	sameCourse	Course174
Course88	sameCourse	Course88
Project27	sameProject	Project27
Project16	sameProject	Project16
Project60	sameProject	Project60
Project125	sameProject	Project125
Project39	sameProject	Project39
Project32	sameProject	Project32
Project44	sameProject	Project44
Project14	sameProject	Project14
Project114	sameProject	Project114
Project80	sameProject	Project80
Project43	sameProject	Project43
Project110	sameProject	Project110
Project68	sameProject	Project68
Project75	sameProject	Project75
Project128	sameProject	Project128
Project112	sameProject	Project112
Project37	sameProject	Project37
Project93	sameProject	Project93
Project40	sameProject	Project40
Project148	sameProject	Project148
Project26	sameProject	Project26
Project122	sameProject	Project122
Project4	sameProject	Project4
Project30	sameProject	Project30
Project67	sameProject	Project67
Project55	sameProject	Project55
Project31	sameProject	Project31
Project99	sameProject	Project99
Project134	sameProject	Project134
Project109	sameProject	Project109
Project72	sameProject	Project72
Project8	sameProject	Project8
Project28	sameProject	Project28
Project144	sameProject	Project144
Project10	sameProject	Project10
Project138	sameProject	Project138
Title294	publication	Person124
Title214	publication	Person124
Title186	publication	Person124
Title141	publication	Person124
Title246	publication	Person124
Title253	publication	Person124
Title227	publication	Person124
Title48	publication	Person124
Title282	publication	Person124
Title267	publication	Person124
Title133	publication	Person124
Title245	publication	Person124
Title213	publication	Person375
Title91	publication	Person375
Title74	publication	Person375
Title9	publication	Person375
Title117	publication	Person375
Title239	publication	Person375
Title194	publication	Person375
Title64	publication	Person179
Title143	publication	Person179
Title338	publication	Person179
Title51	publication	Person179
Title294	publication	Person234
Title213	publication	Person234
Title168	publication	Person234
Title96	publication	Person234
Title3	publication	Person234
Title189	publication	Person234
Title46	publication	Person234
Title28	publication	Person234
Title141	publication	Person234
Title53	publication	Person234
Title176	publication	Person234
Title58	publication	Person234
Title65	publication	Person234
Title198	publication	Person234
Title315	publication	Person234
Title196	publication	Person234
Title91	publication	Person234
Title289	publication	Person234
Title43	publication	Person234
Title48	publication	Person234
Title74	publication	Person234
Title117	publication	Person234
Title239	publication	Person234
Title194	publication	Person234
Title237	publication	Person234
Title204	publication	Person234
Title121	publication	Person234
Title209	publication	Person234
Title332	publication	Person234
Title247	publication	Person234
Title342	publication	Person234
Title169	publication	Person234
Title144	publication	Person234
Title17	publication	Person234
Title80	publication	Person234
Title7	publication	Person234
Title234	publication	Person234
Title339	publication	Person234
Title69	publication	Person234
Title249	publication	Person234
Title76	publication	Person234
Title81	publication	Person234
Title285	publication	Person234
Title101	publication	Person234
Title223	publication	Person101
Title56	publication	Person101
Title294	publication	Person101
Title214	publication	Person101
Title157	publication	Person101
Title68	publication	Person101
Title197	publication	Person101
Title139	publication	Person101
Title141	publication	Person101
Title131	publication	Person101
Title2	publication	Person101
Title75	publication	Person101
Title174	publication	Person101
Title148	publication	Person101
Title8	publication	Person101
Title282	publication	Person101
Title52	publication	Person101
Title31	publication	Person101
Title133	publication	Person101
Title245	publication	Person101
Title67	publication	Person101
Title173	publication	Person180
Title223	publication	Person98
Title197	publication	Person98
Title139	publication	Person98
Title2	publication	Person98
Title174	publication	Person98
Title148	publication	Person98
Title8	publication	Person98
Title244	publication	Person107
Title300	publication	Person107
Title124	publication	Person107
Title96	publication	Person107
Title176	publication	Person107
Title198	publication	Person107
Title303	publication	Person107
Title209	publication	Person107
Title320	publication	Person107
Title169	publication	Person107
Title17	publication	Person107
Title264	publication	Person107
Title294	publication	Person235
Title108	publication	Person235
Title141	publication	Person235
Title42	publication	Person235
Title338	publication	Person235
Title51	publication	Person235
Title37	publication	Person235
Title281	publication	Person235
Title315	publication	Person82
Title196	publication	Person82
Title221	publication	Person82
Title232	publication	Person82
Title9	publication	Person82
Title32	publication	Person82
Title251	publication	Person82
Title211	publication	Person82
Title23	publication	Person82
Title204	publication	Person82
Title121	publication	Person82
Title332	publication	Person82
Title144	publication	Person82
Title163	publication	Person82
Title306	publication	Person82
Title80	publication	Person82
Title234	publication	Person82
Title256	publication	Person82
Title61	publication	Person82
Title343	publication	Person82
Title187	publication	Person82
Title249	publication	Person82
Title6	publication	Person82
Title76	publication	Person82
Title299	publication	Person82
Title34	publication	Person82
Title280	publication	Person82
Title36	publication	Person82
Title81	publication	Person82
Title146	publication	Person373
Title186	publication	Person104
Title277	publication	Person104
Title180	publication	Person104
Title141	publication	Person104
Title246	publication	Person104
Title227	publication	Person104
Title48	publication	Person104
Title267	publication	Person104
Title149	publication	Person104
Title253	publication	Person290
Title221	publication	Person290
Title232	publication	Person290
Title9	publication	Person290
Title32	publication	Person290
Title251	publication	Person290
Title211	publication	Person290
Title23	publication	Person290
Title163	publication	Person290
Title306	publication	Person290
Title256	publication	Person290
Title61	publication	Person290
Title343	publication	Person290
Title187	publication	Person290
Title6	publication	Person290
Title299	publication	Person290
Title34	publication	Person290
Title280	publication	Person290
Title36	publication	Person290
Title294	publication	Person255
Title141	publication	Person255
Title146	publication	Person411
Title186	publication	Person99
Title180	publication	Person99
Title286	publication	Person99
Title173	publication	Person212
Title96	publication	Person403
Title46	publication	Person403
Title53	publication	Person403
Title58	publication	Person403
Title289	publication	Person403
Title43	publication	Person403
Title169	publication	Person403
Title7	publication	Person403
Title339	publication	Person403
Title108	publication	Person402
Title42	publication	Person402
Title56	publication	Person253
Title214	publication	Person253
Title157	publication	Person253
Title68	publication	Person253
Title131	publication	Person253
Title75	publication	Person253
Title282	publication	Person253
Title245	publication	Person253
Title206	publication	Person92
Title242	publication	Person92
Title31	publication	Person419
Title64	publication	Person419
Title143	publication	Person419
Title294	publication	Person357
Title141	publication	Person357
Title262	publication	Person89
Title206	publication	Person89
Title242	publication	Person89
Title206	publication	Person15
Title168	publication	Person80
Title300	publication	Person80
Title96	publication	Person80
Title189	publication	Person80
Title46	publication	Person80
Title28	publication	Person80
Title176	publication	Person80
Title65	publication	Person80
Title237	publication	Person80
Title247	publication	Person80
Title342	publication	Person80
Title169	publication	Person80
Title17	publication	Person80
Title339	publication	Person80
Title285	publication	Person80
Title101	publication	Person80
Title244	publication	Person376
Title124	publication	Person376
Title303	publication	Person376
Title320	publication	Person376
Title264	publication	Person376
Title52	publication	Person218
Title67	publication	Person218
Title37	publication	Person154
Title281	publication	Person154
Title186	publication	Person204
Title277	publication	Person204
Title3	publication	Person204
Title286	publication	Person204
Title149	publication	Person204
Title69	publication	Person204
Title294	publication	Person126
Title141	publication	Person126
Title262	publication	Person100
Title37	publication	Person100
Title281	publication	Person100
Course44	taughtBy	Person171
Course24	taughtBy	Person240
Course12	taughtBy	Person211
Course123	taughtBy	Person150
Course44	taughtBy	Person293
Course143	taughtBy	Person211
Course50	taughtBy	Person171
Course170	taughtBy	Person79
Course15	taughtBy	Person292
Course32	taughtBy	Person319
Course158	taughtBy	Person240
Course24	taughtBy	Person150
Course52	taughtBy	Person168
Course16	taughtBy	Person240
Course173	taughtBy	Person171
Course64	taughtBy	Person79
Course44	taughtBy	Person171
Course24	taughtBy	Person211
Course156	taughtBy	Person240
Course12	taughtBy	Person79
Course143	taughtBy	Person407
Course170	taughtBy	Person211
Course44	taughtBy	Person415
Course24	taughtBy	Person240
Course52	taughtBy	Person168
Course50	taughtBy	Person171
Course39	taughtBy	Person415
Course123	taughtBy	Person150
Course76	taughtBy	Person319
Course44	taughtBy	Person171
Course24	taughtBy	Person240
Course44	taughtBy	Person415
Course52	taughtBy	Person168
Course141	taughtBy	Person150
Course12	taughtBy	Person211
Course16	taughtBy	Person79
Course24	taughtBy	Person211
Course170	taughtBy	Person407
Course15	taughtBy	Person292
Course168	taughtBy	Person240
Course64	taughtBy	Person79
Course44	taughtBy	Person171
Course24	taughtBy	Person79
Course156	taughtBy	Person240
Course12	taughtBy	Person407
Course76	taughtBy	Person319
Course44	taughtBy	Person415
Course57	taughtBy	Person150
Course52	taughtBy	Person168
Course170	taughtBy	Person79
Course24	taughtBy	Person407
Course50	taughtBy	Person171
Course158	taughtBy	Person240
Course7	taughtBy	Person415
Course52	courseLevel	Level_400
Course44	courseLevel	Level_400
Course24	courseLevel	Level_400
Course128	courseLevel	Level_400
Course57	courseLevel	Level_400
Course82	courseLevel	Level_400
Course143	courseLevel	Level_400
Course50	courseLevel	Level_500
Course156	courseLevel	Level_500
Course141	courseLevel	Level_500
Course12	courseLevel	Level_500
Course170	courseLevel	Level_500
Course65	courseLevel	Level_500
Course123	courseLevel	Level_500
Course173	courseLevel	Level_500
Course86	courseLevel	Level_500
Course131	courseLevel	Level_500
Course85	courseLevel	Level_500
Course64	courseLevel	Level_500
Course168	courseLevel	Level_500
Course158	courseLevel	Level_500
Course132	courseLevel	Level_500
Course76	courseLevel	Level_500
Course16	courseLevel	Level_500
Course15	courseLevel	Level_500
Course39	courseLevel	Level_500
Course32	courseLevel	Level_500
Course7	courseLevel	Level_500
Course134	courseLevel	Level_500
Course135	courseLevel	Level_500
Person292	hasPosition	Faculty_affiliate
Person293	hasPosition	Faculty_affiliate
Person240	hasPosition	Faculty
Person211	hasPosition	Faculty
Person150	hasPosition	Faculty
Person415	hasPosition	Faculty
Person79	hasPosition	Faculty
Person349	hasPosition	Faculty_adjunct
Person7	hasPosition	Faculty_adjunct
Person319	hasPosition	Faculty
Person185	hasPosition	Faculty_adjunct
Person171	hasPosition	Faculty
Person168	hasPosition	Faculty
Person407	hasPosition	Faculty
Project62	projectMember	Person319
Person265	advisedBy	Person168
Person381	advisedBy	Person168
Person176	advisedBy	Person407
Person272	advisedBy	Person7
Person37	advisedBy	Person79
Person353	advisedBy	Person319
Person432	advisedBy	Person240
Person239	advisedBy	Person171
Person13	advisedBy	Person240
Person286	advisedBy	Person171
Person418	advisedBy	Person171
Person14	advisedBy	Person150
Person320	advisedBy	Person150
Person352	advisedBy	Person415
Person352	advisedBy	Person292
Person276	advisedBy	Person407
Person45	advisedBy	Person415
Person45	advisedBy	Person211
Person148	advisedBy	Person171
Person314	advisedBy	Person415
Person275	advisedBy	Person79
Person21	advisedBy	Person211
Person262	advisedBy	Person415
Person262	advisedBy	Person292
Person257	advisedBy	Person240
Person380	advisedBy	Person79
Person384	advisedBy	Person240
Person384	advisedBy	Person407
Person266	advisedBy	Person7
Person312	advisedBy	Person319
Person208	advisedBy	Person319
Person63	advisedBy	Person415
Person318	advisedBy	Person185
Person318	advisedBy	Person319
Person83	advisedBy	Person349
Person408	inPhase	Pre_Quals
Person265	inPhase	Post_Generals
Person70	inPhase	Pre_Quals
Person381	inPhase	Post_Generals
Person139	inPhase	Post_Quals
Person382	inPhase	Post_Quals
Person333	inPhase	Pre_Quals
Person94	inPhase	Pre_Quals
Person176	inPhase	Post_Quals
Person272	inPhase	Post_Quals
Person37	inPhase	Pre_Quals
Person353	inPhase	Post_Quals
Person432	inPhase	Post_Quals
Person377	inPhase	Pre_Quals
Person239	inPhase	Post_Quals
Person13	inPhase	Post_Generals
Person286	inPhase	Post_Quals
Person412	inPhase	Post_Quals
Person418	inPhase	Post_Quals
Person14	inPhase	Post_Generals
Person320	inPhase	Post_Quals
Person42	inPhase	Pre_Quals
Person20	inPhase	Pre_Quals
Person352	inPhase	Post_Generals
Person276	inPhase	Pre_Quals
Person45	inPhase	Post_Generals
Person233	inPhase	Pre_Quals
Person148	inPhase	Post_Quals
Person193	inPhase	Pre_Quals
Person314	inPhase	Post_Generals
Person275	inPhase	Post_Generals
Person21	inPhase	Post_Generals
Person262	inPhase	Post_Generals
Person257	inPhase	Post_Generals
Person73	inPhase	Post_Quals
Person380	inPhase	Post_Generals
Person384	inPhase	Post_Quals
Person406	inPhase	Post_Generals
Person266	inPhase	Post_Quals
Person312	inPhase	Pre_Quals
Person208	inPhase	Post_Quals
Person311	inPhase	Post_Quals
Person63	inPhase	Post_Generals
Person318	inPhase	Pre_Quals
Person83	inPhase	Post_Quals
Person161	inPhase	Post_Generals
Person284	inPhase	Post_Quals
Person408	tempAdvisedBy	Person150
Person382	tempAdvisedBy	Person415
Person333	tempAdvisedBy	Person211
Person94	tempAdvisedBy	Person79
Person377	tempAdvisedBy	Person292
Person412	tempAdvisedBy	Person168
Person42	tempAdvisedBy	Person150
Person20	tempAdvisedBy	Person240
Person233	tempAdvisedBy	Person319
Person193	tempAdvisedBy	Person415
Person284	tempAdvisedBy	Person211
Person408	yearsInProgram	Year_2
Person265	yearsInProgram	Year_9
Person70	yearsInProgram	Year_1
Person381	yearsInProgram	Year_10
Person139	yearsInProgram	Year_3
Person382	yearsInProgram	Year_3
Person333	yearsInProgram	Year_2
Person94	yearsInProgram	Year_1
Person176	yearsInProgram	Year_2
Person272	yearsInProgram	Year_2
Person37	yearsInProgram	Year_1
Person353	yearsInProgram	Year_4
Person432	yearsInProgram	Year_5
Person377	yearsInProgram	Year_1
Person239	yearsInProgram	Year_4
Person13	yearsInProgram	Year_7
Person286	yearsInProgram	Year_3
Person412	yearsInProgram	Year_3
Person418	yearsInProgram	Year_3
Person14	yearsInProgram	Year_10
Person320	yearsInProgram	Year_3
Person42	yearsInProgram	Year_1
Person20	yearsInProgram	Year_1
Person352	yearsInProgram	Year_5
Person276	yearsInProgram	Year_3
Person45	yearsInProgram	Year_5
Person233	yearsInProgram	Year_1
Person148	yearsInProgram	Year_5
Person193	yearsInProgram	Year_1
Person314	yearsInProgram	Year_4
Person275	yearsInProgram	Year_5
Person21	yearsInProgram	Year_5
Person262	yearsInProgram	Year_7
Person257	yearsInProgram	Year_7
Person73	yearsInProgram	Year_4
Person380	yearsInProgram	Year_6
Person384	yearsInProgram	Year_3
Person406	yearsInProgram	Year_5
Person266	yearsInProgram	Year_5
Person312	yearsInProgram	Year_4
Person208	yearsInProgram	Year_4
Person311	yearsInProgram	Year_3
Person63	yearsInProgram	Year_5
Person318	yearsInProgram	Year_5
Person83	yearsInProgram	Year_5
Person161	yearsInProgram	Year_7
Person284	yearsInProgram	Year_3
Course52	ta	Person70
Course44	ta	Person193
Course128	ta	Person271
Course128	ta	Person392
Course44	ta	Person377
Course24	ta	Person70
Course156	ta	Person257
Course132	ta	Person94
Course24	ta	Person21
Course44	ta	Person420
Course44	ta	Person382
Course141	ta	Person14
Course12	ta	Person21
Course44	ta	Person286
Course52	ta	Person318
Course44	ta	Person382
Course44	ta	Person86
Course50	ta	Person314
Course39	ta	Person73
Course82	ta	Person381
Course128	taughtBy	Person150
Course132	taughtBy	Person319
Course134	taughtBy	Person240
Course82	taughtBy	Person407
professor	unary	Person319
student	unary	Person284
student	unary	Person311
student	unary	Person14
student	unary	Person275
student	unary	Person259
student	unary	Person139
student	unary	Person176
student	unary	Person400
student	unary	Person318
student	unary	Person161
student	unary	Person347
professor	unary	Person292
professor	unary	Person293
professor	unary	Person240
professor	unary	Person211
professor	unary	Person150
professor	unary	Person415
professor	unary	Person79
professor	unary	Person349
professor	unary	Person7
professor	unary	Person185
professor	unary	Person171
professor	unary	Person168
professor	unary	Person407
student	unary	Person408
student	unary	Person265
student	unary	Person70
student	unary	Person381
student	unary	Person382
student	unary	Person333
student	unary	Person94
student	unary	Person272
student	unary	Person37
student	unary	Person353
student	unary	Person432
student	unary	Person377
student	unary	Person239
student	unary	Person13
student	unary	Person286
student	unary	Person412
student	unary	Person418
student	unary	Person320
student	unary	Person42
student	unary	Person20
student	unary	Person352
student	unary	Person276
student	unary	Person45
student	unary	Person233
student	unary	Person148
student	unary	Person193
student	unary	Person314
student	unary	Person21
student	unary	Person262
student	unary	Person257
student	unary	Person73
student	unary	Person380
student	unary	Person384
student	unary	Person406
student	unary	Person266
student	unary	Person312
student	unary	Person208
student	unary	Person63
student	unary	Person83
student	unary	Person271
student	unary	Person392
student	unary	Person420
student	unary	Person86
Person319	samePerson	Person319
Person284	samePerson	Person284
Person311	samePerson	Person311
Person14	samePerson	Person14
Person275	samePerson	Person275
Person259	samePerson	Person259
Person139	samePerson	Person139
Person176	samePerson	Person176
Person400	samePerson	Person400
Person318	samePerson	Person318
Person161	samePerson	Person161
Person347	samePerson	Person347
Person292	samePerson	Person292
Person293	samePerson	Person293
Person240	samePerson	Person240
Person211	samePerson	Person211
Person150	samePerson	Person150
Person415	samePerson	Person415
Person79	samePerson	Person79
Person349	samePerson	Person349
Person7	samePerson	Person7
Person185	samePerson	Person185
Person171	samePerson	Person171
Person168	samePerson	Person168
Person407	samePerson	Person407
Person408	samePerson	Person408
Person265	samePerson	Person265
Person70	samePerson	Person70
Person381	samePerson	Person381
Person382	samePerson	Person382
Person333	samePerson	Person333
Person94	samePerson	Person94
Person272	samePerson	Person272
Person37	samePerson	Person37
Person353	samePerson	Person353
Person432	samePerson	Person432
Person377	samePerson	Person377
Person239	samePerson	Person239
Person13	samePerson	Person13
Person286	samePerson	Person286
Person412	samePerson	Person412
Person418	samePerson	Person418
Person320	samePerson	Person320
Person42	samePerson	Person42
Person20	samePerson	Person20
Person352	samePerson	Person352
Person276	samePerson	Person276
Person45	samePerson	Person45
Person233	samePerson	Person233
Person148	samePerson	Person148
Person193	samePerson	Person193
Person314	samePerson	Person314
Person21	samePerson	Person21
Person262	samePerson	Person262
Person257	samePerson	Person257
Person73	samePerson	Person73
Person380	samePerson	Person380
Person384	samePerson	Person384
Person406	samePerson	Person406
Person266	samePerson	Person266
Person312	samePerson	Person312
Person208	samePerson	Person208
Person63	samePerson	Person63
Person83	samePerson	Person83
Person271	samePerson	Person271
Person392	samePerson	Person392
Person420	samePerson	Person420
Person86	samePerson	Person86
Course52	sameCourse	Course52
Course44	sameCourse	Course44
Course24	sameCourse	Course24
Course57	sameCourse	Course57
Course143	sameCourse	Course143
Course50	sameCourse	Course50
Course156	sameCourse	Course156
Course141	sameCourse	Course141
Course12	sameCourse	Course12
Course170	sameCourse	Course170
Course123	sameCourse	Course123
Course173	sameCourse	Course173
Course85	sameCourse	Course85
Course64	sameCourse	Course64
Course168	sameCourse	Course168
Course158	sameCourse	Course158
Course76	sameCourse	Course76
Course16	sameCourse	Course16
Course15	sameCourse	Course15
Course39	sameCourse	Course39
Course32	sameCourse	Course32
Course7	sameCourse	Course7
Course134	sameCourse	Course134
Course135	sameCourse	Course135
Course65	sameCourse	Course65
Course86	sameCourse	Course86
Course131	sameCourse	Course131
Course128	sameCourse	Course128
Course82	sameCourse	Course82
Course132	sameCourse	Course132
Project50	sameProject	Project50
Project58	sameProject	Project58
Project104	sameProject	Project104
Project20	sameProject	Project20
Project74	sameProject	Project74
Project62	sameProject	Project62
Project17	sameProject	Project17
Project82	sameProject	Project82
Project24	sameProject	Project24
Project127	sameProject	Project127
Project131	sameProject	Project131
Project38	sameProject	Project38
Project41	sameProject	Project41
Project100	sameProject	Project100
Project76	sameProject	Project76
Project111	sameProject	Project111
Project124	sameProject	Project124
Project77	sameProject	Project77
Project11	sameProject	Project11
Project52	sameProject	Project52
Project51	sameProject	Project51
Project115	sameProject	Project115
Project141	sameProject	Project141
Project70	sameProject	Project70
Project146	sameProject	Project146
Project150	sameProject	Project150
Project73	sameProject	Project73
Project42	sameProject	Project42
Project36	sameProject	Project36
Project13	sameProject	Project13
Project85	sameProject	Project85
Project7	sameProject	Project7
Project121	sameProject	Project121
Project0	sameProject	Project0
Project33	sameProject	Project33
Project29	sameProject	Project29
Project84	sameProject	Project84
Project90	sameProject	Project90
Project83	sameProject	Project83
Project97	sameProject	Project97
Project113	sameProject	Project113
Project116	sameProject	Project116
Project143	sameProject	Project143
Project66	sameProject	Project66
Project101	sameProject	Project101
Title25	publication	Person284
Title284	publication	Person14
Title110	publication	Person14
Title118	publication	Person14
Title71	publication	Person14
Title316	publication	Person14
Title118	publication	Person318
Title217	publication	Person161
Title55	publication	Person161
Title331	publication	Person161
Title250	publication	Person161
Title268	publication	Person161
Title271	publication	Person161
Title171	publication	Person161
Title120	publication	Person347
Title86	publication	Person347
Title338	publication	Person347
Title224	publication	Person347
Title260	publication	Person347
Title112	publication	Person347
Title97	publication	Person347
Title50	publication	Person292
Title103	publication	Person292
Title166	publication	Person292
Title72	publication	Person292
Title47	publication	Person292
Title41	publication	Person292
Title40	publication	Person293
Title13	publication	Person240
Title140	publication	Person240
Title217	publication	Person240
Title92	publication	Person240
Title167	publication	Person240
Title331	publication	Person240
Title26	publication	Person240
Title275	publication	Person240
Title333	publication	Person240
Title270	publication	Person240
Title208	publication	Person240
Title103	publication	Person240
Title268	publication	Person240
Title340	publication	Person240
Title192	publication	Person240
Title54	publication	Person240
Title177	publication	Person240
Title33	publication	Person240
Title10	publication	Person240
Title84	publication	Person240
Title161	publication	Person240
Title248	publication	Person240
Title102	publication	Person240
Title274	publication	Person240
Title47	publication	Person240
Title0	publication	Person240
Title82	publication	Person240
Title337	publication	Person240
Title344	publication	Person240
Title254	publication	Person240
Title119	publication	Person240
Title114	publication	Person211
Title259	publication	Person211
Title59	publication	Person211
Title160	publication	Person211
Title88	publication	Person211
Title24	publication	Person211
Title323	publication	Person211
Title190	publication	Person211
Title11	publication	Person211
Title199	publication	Person211
Title240	publication	Person211
Title335	publication	Person211
Title241	publication	Person211
Title212	publication	Person211
Title228	publication	Person211
Title345	publication	Person211
Title89	publication	Person211
Title165	publication	Person211
Title113	publication	Person211
Title233	publication	Person211
Title132	publication	Person211
Title310	publication	Person211
Title218	publication	Person211
Title71	publication	Person211
Title341	publication	Person211
Title207	publication	Person211
Title229	publication	Person211
Title292	publication	Person211
Title49	publication	Person211
Title238	publication	Person211
Title255	publication	Person211
Title329	publication	Person211
Title79	publication	Person211
Title325	publication	Person211
Title44	publication	Person211
Title25	publication	Person211
Title118	publication	Person150
Title140	publication	Person415
Title12	publication	Person415
Title182	publication	Person415
Title122	publication	Person415
Title208	publication	Person415
Title103	publication	Person415
Title347	publication	Person415
Title266	publication	Person415
Title340	publication	Person415
Title269	publication	Person415
Title5	publication	Person415
Title70	publication	Person415
Title179	publication	Person415
Title29	publication	Person415
Title72	publication	Person415
Title47	publication	Person415
Title0	publication	Person415
Title38	publication	Person415
Title290	publication	Person415
Title63	publication	Person415
Title82	publication	Person415
Title283	publication	Person415
Title337	publication	Person415
Title94	publication	Person415
Title147	publication	Person415
Title329	publication	Person415
Title297	publication	Person415
Title79	publication	Person415
Title312	publication	Person415
Title107	publication	Person415
Title273	publication	Person415
Title172	publication	Person415
Title295	publication	Person415
Title41	publication	Person415
Title325	publication	Person415
Title44	publication	Person415
Title87	publication	Person415
Title222	publication	Person415
Title236	publication	Person415
Title258	publication	Person415
Title301	publication	Person415
Title318	publication	Person79
Title115	publication	Person79
Title231	publication	Person79
Title226	publication	Person79
Title195	publication	Person79
Title162	publication	Person185
Title178	publication	Person171
Title225	publication	Person171
Title269	publication	Person171
Title150	publication	Person171
Title70	publication	Person171
Title63	publication	Person171
Title94	publication	Person171
Title147	publication	Person171
Title170	publication	Person171
Title125	publication	Person171
Title90	publication	Person171
Title114	publication	Person407
Title12	publication	Person407
Title259	publication	Person407
Title217	publication	Person407
Title92	publication	Person407
Title182	publication	Person407
Title59	publication	Person407
Title160	publication	Person407
Title55	publication	Person407
Title88	publication	Person407
Title167	publication	Person407
Title24	publication	Person407
Title323	publication	Person407
Title331	publication	Person407
Title190	publication	Person407
Title120	publication	Person407
Title250	publication	Person407
Title11	publication	Person407
Title284	publication	Person407
Title199	publication	Person407
Title240	publication	Person407
Title335	publication	Person407
Title270	publication	Person407
Title241	publication	Person407
Title212	publication	Person407
Title110	publication	Person407
Title268	publication	Person407
Title228	publication	Person407
Title347	publication	Person407
Title266	publication	Person407
Title192	publication	Person407
Title345	publication	Person407
Title5	publication	Person407
Title271	publication	Person407
Title89	publication	Person407
Title165	publication	Person407
Title113	publication	Person407
Title233	publication	Person407
Title179	publication	Person407
Title132	publication	Person407
Title177	publication	Person407
Title310	publication	Person407
Title171	publication	Person407
Title33	publication	Person407
Title218	publication	Person407
Title71	publication	Person407
Title341	publication	Person407
Title207	publication	Person407
Title229	publication	Person407
Title292	publication	Person407
Title316	publication	Person407
Title49	publication	Person407
Title38	publication	Person407
Title238	publication	Person407
Title283	publication	Person407
Title255	publication	Person407
Title224	publication	Person407
Title260	publication	Person407
Title297	publication	Person407
Title312	publication	Person407
Title273	publication	Person407
Title25	publication	Person407
Title258	publication	Person407
Title118	publication	Person408
Title118	publication	Person353
Title40	publication	Person239
Title13	publication	Person13
Title26	publication	Person13
Title275	publication	Person13
Title333	publication	Person13
Title54	publication	Person13
Title10	publication	Person13
Title84	publication	Person13
Title161	publication	Person13
Title248	publication	Person13
Title344	publication	Person13
Title50	publication	Person352
Title208	publication	Person352
Title103	publication	Person352
Title166	publication	Person352
Title314	publication	Person352
Title47	publication	Person352
Title86	publication	Person352
Title82	publication	Person352
Title79	publication	Person352
Title261	publication	Person352
Title87	publication	Person352
Title329	publication	Person45
Title79	publication	Person45
Title325	publication	Person45
Title44	publication	Person45
Title150	publication	Person148
Title125	publication	Person148
Title90	publication	Person148
Title162	publication	Person193
Title170	publication	Person314
Title107	publication	Person314
Title172	publication	Person314
Title295	publication	Person314
Title222	publication	Person314
Title301	publication	Person314
Title25	publication	Person21
Title122	publication	Person262
Title314	publication	Person262
Title29	publication	Person262
Title72	publication	Person262
Title290	publication	Person262
Title86	publication	Person262
Title261	publication	Person262
Title41	publication	Person262
Title102	publication	Person257
Title274	publication	Person257
Title254	publication	Person257
Title119	publication	Person257
Title269	publication	Person73
Title63	publication	Person73
Title318	publication	Person380
Title115	publication	Person380
Title231	publication	Person380
Title226	publication	Person380
Title195	publication	Person380
Title314	publication	Person406
Title86	publication	Person406
Title261	publication	Person406
Title118	publication	Person208
Title182	publication	Person63
Title178	publication	Person63
Title225	publication	Person63
Title5	publication	Person63
Title314	publication	Person63
Title86	publication	Person63
Title147	publication	Person63
Title261	publication	Person63
Title97	publication	Person63
Title222	publication	Person63
Title236	publication	Person63
Title301	publication	Person63
Title325	publication	Person83
Course157	taughtBy	Person342
Course110	taughtBy	Person351
Course13	taughtBy	Person72
Course67	taughtBy	Person394
Course157	taughtBy	Person72
Course164	taughtBy	Person351
Course0	taughtBy	Person40
Course115	taughtBy	Person342
Course101	taughtBy	Person279
Course153	taughtBy	Person394
Course157	taughtBy	Person72
Course110	taughtBy	Person351
Course125	taughtBy	Person351
Course28	taughtBy	Person394
Course13	taughtBy	Person342
Course1	taughtBy	Person40
Course157	taughtBy	Person394
Course164	taughtBy	Person351
Course115	taughtBy	Person72
Course153	taughtBy	Person342
Course157	taughtBy	Person72
Course110	taughtBy	Person351
Course108	taughtBy	Person279
Course89	taughtBy	Person394
Course125	taughtBy	Person351
Course13	taughtBy	Person342
Course157	taughtBy	Person72
Course164	taughtBy	Person351
Course115	taughtBy	Person342
Course101	taughtBy	Person394
Course110	taughtBy	Person351
Course79	taughtBy	Person72
Course89	taughtBy	Person394
Course125	taughtBy	Person351
Course13	taughtBy	Person342
Course157	taughtBy	Person342
Course164	taughtBy	Person351
Course101	taughtBy	Person279
Course136	taughtBy	Person394
Course89	courseLevel	Level_400
Course157	courseLevel	Level_400
Course110	courseLevel	Level_400
Course41	courseLevel	Level_400
Course148	courseLevel	Level_400
Course125	courseLevel	Level_400
Course93	courseLevel	Level_400
Course164	courseLevel	Level_400
Course159	courseLevel	Level_400
Course28	courseLevel	Level_400
Course154	courseLevel	Level_400
Course118	courseLevel	Level_400
Course107	courseLevel	Level_400
Course0	courseLevel	Level_500
Course13	courseLevel	Level_500
Course115	courseLevel	Level_500
Course101	courseLevel	Level_500
Course136	courseLevel	Level_500
Course150	courseLevel	Level_500
Course109	courseLevel	Level_500
Course3	courseLevel	Level_500
Course108	courseLevel	Level_500
Course56	courseLevel	Level_500
Course67	courseLevel	Level_500
Course153	courseLevel	Level_500
Course1	courseLevel	Level_500
Course83	courseLevel	Level_500
Course79	courseLevel	Level_500
Course114	courseLevel	Level_500
Person40	hasPosition	Faculty
Person342	hasPosition	Faculty
Person111	hasPosition	Faculty_adjunct
Person115	hasPosition	Faculty
Person351	hasPosition	Faculty
Person72	hasPosition	Faculty
Person393	hasPosition	Faculty
Person394	hasPosition	Faculty
Person279	hasPosition	Faculty
Person217	advisedBy	Person342
Person217	advisedBy	Person72
Person206	advisedBy	Person342
Person206	advisedBy	Person72
Person81	advisedBy	Person342
Person81	advisedBy	Person393
Person122	advisedBy	Person72
Person228	advisedBy	Person342
Person228	advisedBy	Person393
Person228	advisedBy	Person394
Person41	advisedBy	Person394
Person163	advisedBy	Person393
Person435	advisedBy	Person279
Person404	advisedBy	Person72
Person142	advisedBy	Person342
Person300	advisedBy	Person342
Person200	advisedBy	Person72
Person157	advisedBy	Person72
Person113	advisedBy	Person394
Person113	advisedBy	Person342
Person241	inPhase	Post_Quals
Person217	inPhase	Post_Generals
Person270	inPhase	Pre_Quals
Person206	inPhase	Post_Generals
Person81	inPhase	Post_Generals
Person122	inPhase	Post_Quals
Person228	inPhase	Post_Quals
Person51	inPhase	Pre_Quals
Person41	inPhase	Post_Quals
Person163	inPhase	Post_Quals
Person435	inPhase	Post_Quals
Person404	inPhase	Post_Generals
Person363	inPhase	Pre_Quals
Person427	inPhase	Post_Quals
Person142	inPhase	Post_Generals
Person431	inPhase	Pre_Quals
Person283	inPhase	Pre_Quals
Person149	inPhase	Post_Quals
Person300	inPhase	Post_Generals
Person200	inPhase	Post_Quals
Person157	inPhase	Post_Quals
Person113	inPhase	Post_Generals
Person241	tempAdvisedBy	Person393
Person270	tempAdvisedBy	Person393
Person51	tempAdvisedBy	Person72
Person363	tempAdvisedBy	Person72
Person427	tempAdvisedBy	Person393
Person431	tempAdvisedBy	Person393
Person283	tempAdvisedBy	Person394
Person241	yearsInProgram	Year_3
Person217	yearsInProgram	Year_5
Person270	yearsInProgram	Year_1
Person206	yearsInProgram	Year_6
Person81	yearsInProgram	Year_6
Person122	yearsInProgram	Year_4
Person228	yearsInProgram	Year_3
Person51	yearsInProgram	Year_2
Person41	yearsInProgram	Year_5
Person163	yearsInProgram	Year_4
Person435	yearsInProgram	Year_4
Person404	yearsInProgram	Year_4
Person363	yearsInProgram	Year_3
Person427	yearsInProgram	Year_4
Person142	yearsInProgram	Year_9
Person431	yearsInProgram	Year_2
Person283	yearsInProgram	Year_1
Person149	yearsInProgram	Year_5
Person300	yearsInProgram	Year_8
Person200	yearsInProgram	Year_4
Person157	yearsInProgram	Year_4
Person113	yearsInProgram	Year_4
Course89	ta	Person228
Course41	ta	Person296
Course41	ta	Person36
Course13	ta	Person431
Course157	ta	Person328
Course157	ta	Person31
Course110	ta	Person61
Course110	ta	Person36
Course79	ta	Person157
Course79	ta	Person119
Course118	ta	Person296
Course118	ta	Person317
Course157	ta	Person119
Course157	ta	Person230
Course157	ta	Person3
Course157	ta	Person258
Course101	ta	Person241
Course89	ta	Person188
Course89	ta	Person41
Course148	ta	Person327
Course148	ta	Person140
Course13	ta	Person51
Course157	ta	Person321
Course157	ta	Person428
Course157	ta	Person3
Course157	ta	Person158
Course110	ta	Person327
Course110	ta	Person317
Course3	ta	Person431
Course150	ta	Person327
Course150	ta	Person102
Course157	ta	Person90
Course157	ta	Person214
Course157	ta	Person146
Course157	ta	Person88
Course93	ta	Person228
Course93	ta	Person31
Course93	ta	Person178
Course153	ta	Person195
Course153	ta	Person428
Course148	ta	Person31
Course159	ta	Person113
Course13	ta	Person217
Course41	taughtBy	Person351
Course118	taughtBy	Person351
Course148	taughtBy	Person351
Course3	taughtBy	Person279
Course150	taughtBy	Person351
Course93	taughtBy	Person351
Course148	taughtBy	Person351
Course159	taughtBy	Person394
professor	unary	Person40
professor	unary	Person279
professor	unary	Person394
student	unary	Person38
student	unary	Person261
student	unary	Person149
student	unary	Person306
student	unary	Person410
student	unary	Person157
student	unary	Person200
student	unary	Person404
student	unary	Person122
student	unary	Person322
student	unary	Person131
student	unary	Person85
professor	unary	Person342
professor	unary	Person111
professor	unary	Person115
professor	unary	Person351
professor	unary	Person72
professor	unary	Person393
student	unary	Person241
student	unary	Person217
student	unary	Person270
student	unary	Person206
student	unary	Person81
student	unary	Person228
student	unary	Person51
student	unary	Person41
student	unary	Person163
student	unary	Person435
student	unary	Person363
student	unary	Person427
student	unary	Person142
student	unary	Person431
student	unary	Person283
student	unary	Person300
student	unary	Person113
student	unary	Person296
student	unary	Person36
student	unary	Person328
student	unary	Person31
student	unary	Person61
student	unary	Person119
student	unary	Person3
student	unary	Person317
student	unary	Person230
student	unary	Person258
student	unary	Person188
student	unary	Person327
student	unary	Person140
student	unary	Person321
student	unary	Person428
student	unary	Person158
student	unary	Person102
student	unary	Person90
student	unary	Person214
student	unary	Person146
student	unary	Person88
student	unary	Person178
student	unary	Person195
Person40	samePerson	Person40
Person279	samePerson	Person279
Person394	samePerson	Person394
Person38	samePerson	Person38
Person261	samePerson	Person261
Person149	samePerson	Person149
Person306	samePerson	Person306
Person410	samePerson	Person410
Person157	samePerson	Person157
Person200	samePerson	Person200
Person404	samePerson	Person404
Person122	samePerson	Person122
Person322	samePerson	Person322
Person131	samePerson	Person131
Person85	samePerson	Person85
Person342	samePerson	Person342
Person111	samePerson	Person111
Person115	samePerson	Person115
Person351	samePerson	Person351
Person72	samePerson	Person72
Person393	samePerson	Person393
Person241	samePerson	Person241
Person217	samePerson	Person217
Person270	samePerson	Person270
Person206	samePerson	Person206
Person81	samePerson	Person81
Person228	samePerson	Person228
Person51	samePerson	Person51
Person41	samePerson	Person41
Person163	samePerson	Person163
Person435	samePerson	Person435
Person363	samePerson	Person363
Person427	samePerson	Person427
Person142	samePerson	Person142
Person431	samePerson	Person431
Person283	samePerson	Person283
Person300	samePerson	Person300
Person113	samePerson	Person113
Person296	samePerson	Person296
Person36	samePerson	Person36
Person328	samePerson	Person328
Person31	samePerson	Person31
Person61	samePerson	Person61
Person119	samePerson	Person119
Person3	samePerson	Person3
Person317	samePerson	Person317
Person230	samePerson	Person230
Person258	samePerson	Person258
Person188	samePerson	Person188
Person327	samePerson	Person327
Person140	samePerson	Person140
Person321	samePerson	Person321
Person428	samePerson	Person428
Person158	samePerson	Person158
Person102	samePerson	Person102
Person90	samePerson	Person90
Person214	samePerson	Person214
Person146	samePerson	Person146
Person88	samePerson	Person88
Person178	samePerson	Person178
Person195	samePerson	Person195
Course89	sameCourse	Course89
Course157	sameCourse	Course157
Course110	sameCourse	Course110
Course125	sameCourse	Course125
Course164	sameCourse	Course164
Course28	sameCourse	Course28
Course107	sameCourse	Course107
Course0	sameCourse	Course0
Course13	sameCourse	Course13
Course115	sameCourse	Course115
Course101	sameCourse	Course101
Course136	sameCourse	Course136
Course108	sameCourse	Course108
Course67	sameCourse	Course67
Course153	sameCourse	Course153
Course1	sameCourse	Course1
Course83	sameCourse	Course83
Course79	sameCourse	Course79
Course114	sameCourse	Course114
Course148	sameCourse	Course148
Course93	sameCourse	Course93
Course159	sameCourse	Course159
Course154	sameCourse	Course154
Course118	sameCourse	Course118
Course109	sameCourse	Course109
Course56	sameCourse	Course56
Course41	sameCourse	Course41
Course150	sameCourse	Course150
Course3	sameCourse	Course3
Project103	sameProject	Project103
Project91	sameProject	Project91
Project96	sameProject	Project96
Project15	sameProject	Project15
Project140	sameProject	Project140
Project78	sameProject	Project78
Project47	sameProject	Project47
Project106	sameProject	Project106
Project118	sameProject	Project118
Project133	sameProject	Project133
Project34	sameProject	Project34
Project151	sameProject	Project151
Project81	sameProject	Project81
Project123	sameProject	Project123
Project23	sameProject	Project23
Project132	sameProject	Project132
Project71	sameProject	Project71
Project135	sameProject	Project135
Project149	sameProject	Project149
Project25	sameProject	Project25
Project65	sameProject	Project65
Project6	sameProject	Project6
Project88	sameProject	Project88
Project54	sameProject	Project54
Project105	sameProject	Project105
Project46	sameProject	Project46
Project142	sameProject	Project142
Project48	sameProject	Project48
Project2	sameProject	Project2
Project92	sameProject	Project92
Project86	sameProject	Project86
Project19	sameProject	Project19
Project139	sameProject	Project139
Project117	sameProject	Project117
Project98	sameProject	Project98
Project59	sameProject	Project59
Project145	sameProject	Project145
Project69	sameProject	Project69
Project53	sameProject	Project53
Project107	sameProject	Project107
Project136	sameProject	Project136
Project87	sameProject	Project87
Project45	sameProject	Project45
Project79	sameProject	Project79
Project35	sameProject	Project35
Project49	sameProject	Project49
Title322	publication	Person40
Title346	publication	Person40
Title1	publication	Person40
Title183	publication	Person394
Title30	publication	Person394
Title153	publication	Person306
Title111	publication	Person306
Title15	publication	Person410
Title45	publication	Person410
Title60	publication	Person410
Title93	publication	Person410
Title272	publication	Person410
Title116	publication	Person410
Title203	publication	Person404
Title185	publication	Person404
Title201	publication	Person404
Title137	publication	Person322
Title109	publication	Person342
Title181	publication	Person342
Title135	publication	Person342
Title15	publication	Person342
Title45	publication	Person342
Title263	publication	Person342
Title35	publication	Person342
Title272	publication	Person342
Title116	publication	Person342
Title85	publication	Person342
Title304	publication	Person342
Title302	publication	Person342
Title137	publication	Person342
Title183	publication	Person72
Title30	publication	Person72
Title201	publication	Person72
Title302	publication	Person72
Title137	publication	Person72
Title109	publication	Person393
Title153	publication	Person393
Title123	publication	Person393
Title181	publication	Person393
Title135	publication	Person393
Title45	publication	Person393
Title60	publication	Person393
Title93	publication	Person393
Title35	publication	Person393
Title220	publication	Person393
Title272	publication	Person393
Title116	publication	Person393
Title111	publication	Person393
Title4	publication	Person393
Title85	publication	Person393
Title304	publication	Person393
Title322	publication	Person393
Title346	publication	Person393
Title1	publication	Person393
Title304	publication	Person241
Title302	publication	Person217
Title137	publication	Person206
Title109	publication	Person81
Title45	publication	Person81
Title116	publication	Person81
Title304	publication	Person81
Title100	publication	Person41
Title99	publication	Person435
Title123	publication	Person142
Title263	publication	Person142
Title220	publication	Person142
Title99	publication	Person300
Title181	publication	Person300
Title35	publication	Person300
Title4	publication	Person300
Title203	publication	Person113
Title185	publication	Person113
Title100	publication	Person113
Course11	taughtBy	Person57
Course147	taughtBy	Person201
Course77	taughtBy	Person165
Course160	taughtBy	Person331
Course66	taughtBy	Person298
Course11	taughtBy	Person298
Course147	taughtBy	Person165
Course165	taughtBy	Person364
Course161	taughtBy	Person201
Course68	taughtBy	Person331
Course29	taughtBy	Person298
Course11	taughtBy	Person331
Course147	taughtBy	Person57
Course27	taughtBy	Person165
Course40	taughtBy	Person378
Course165	taughtBy	Person231
Course104	taughtBy	Person364
Course103	taughtBy	Person201
Course77	taughtBy	Person324
Course66	taughtBy	Person165
Course147	taughtBy	Person324
Course161	taughtBy	Person298
Course126	taughtBy	Person165
Course68	taughtBy	Person201
Course11	taughtBy	Person324
Course147	taughtBy	Person364
Course165	taughtBy	Person141
Course27	taughtBy	Person165
Course40	taughtBy	Person298
Course104	taughtBy	Person165
Course68	taughtBy	Person331
Course77	taughtBy	Person52
Course147	taughtBy	Person165
Course161	taughtBy	Person331
Course119	taughtBy	Person324
Course121	taughtBy	Person52
Course11	taughtBy	Person324
Course147	taughtBy	Person52
Course27	taughtBy	Person331
Course40	taughtBy	Person165
Course117	taughtBy	Person181
Course11	taughtBy	Person298
Course147	taughtBy	Person165
Course165	taughtBy	Person75
Course104	taughtBy	Person181
Course103	taughtBy	Person201
Course77	taughtBy	Person52
Course144	taughtBy	Person331
Course147	taughtBy	Person331
Course165	taughtBy	Person181
Course161	taughtBy	Person201
Course126	taughtBy	Person165
Course68	taughtBy	Person324
Course40	taughtBy	Person298
Course11	taughtBy	Person52
Course27	taughtBy	Person165
Course97	taughtBy	Person324
Course91	taughtBy	Person331
Course11	courseLevel	Level_300
Course147	courseLevel	Level_300
Course165	courseLevel	Level_300
Course104	courseLevel	Level_300
Course68	courseLevel	Level_400
Course161	courseLevel	Level_400
Course27	courseLevel	Level_400
Course137	courseLevel	Level_400
Course126	courseLevel	Level_400
Course97	courseLevel	Level_400
Course122	courseLevel	Level_400
Course40	courseLevel	Level_500
Course29	courseLevel	Level_500
Course103	courseLevel	Level_500
Course77	courseLevel	Level_500
Course91	courseLevel	Level_500
Course160	courseLevel	Level_500
Course155	courseLevel	Level_500
Course66	courseLevel	Level_500
Course169	courseLevel	Level_500
Course119	courseLevel	Level_500
Course84	courseLevel	Level_500
Course121	courseLevel	Level_500
Course98	courseLevel	Level_500
Course117	courseLevel	Level_500
Course36	courseLevel	Level_500
Course144	courseLevel	Level_500
Course149	courseLevel	Level_500
Person378	hasPosition	Faculty
Person331	hasPosition	Faculty
Person103	hasPosition	Faculty_affiliate
Person52	hasPosition	Faculty
Person298	hasPosition	Faculty
Person165	hasPosition	Faculty
Person29	hasPosition	Faculty_adjunct
Person201	hasPosition	Faculty
Person324	hasPosition	Faculty
Project130	projectMember	Person324
Project119	projectMember	Person201
Project152	projectMember	Person201
Project94	projectMember	Person324
Person309	advisedBy	Person378
Person141	advisedBy	Person331
Person288	advisedBy	Person165
Person159	advisedBy	Person201
Person159	advisedBy	Person57
Person226	advisedBy	Person324
Person242	advisedBy	Person29
Person242	advisedBy	Person165
Person348	advisedBy	Person324
Person6	advisedBy	Person29
Person6	advisedBy	Person165
Person75	advisedBy	Person331
Person303	advisedBy	Person165
Person303	advisedBy	Person29
Person249	advisedBy	Person331
Person68	advisedBy	Person201
Person309	inPhase	Post_Quals
Person141	inPhase	Post_Generals
Person383	inPhase	Pre_Quals
Person422	inPhase	Post_Quals
Person390	inPhase	Pre_Quals
Person288	inPhase	Post_Generals
Person159	inPhase	Post_Quals
Person172	inPhase	Pre_Quals
Person226	inPhase	Post_Quals
Person242	inPhase	Post_Generals
Person191	inPhase	Post_Quals
Person416	inPhase	Pre_Quals
Person348	inPhase	Post_Quals
Person278	inPhase	Pre_Quals
Person6	inPhase	Post_Quals
Person75	inPhase	Post_Generals
Person303	inPhase	Post_Quals
Person249	inPhase	Post_Generals
Person68	inPhase	Post_Generals
Person205	inPhase	Pre_Quals
Person182	inPhase	Post_Quals
Person383	tempAdvisedBy	Person165
Person390	tempAdvisedBy	Person331
Person172	tempAdvisedBy	Person331
Person191	tempAdvisedBy	Person298
Person416	tempAdvisedBy	Person52
Person278	tempAdvisedBy	Person378
Person205	tempAdvisedBy	Person324
Person182	tempAdvisedBy	Person201
Person309	yearsInProgram	Year_3
Person141	yearsInProgram	Year_6
Person383	yearsInProgram	Year_2
Person422	yearsInProgram	Year_3
Person390	yearsInProgram	Year_2
Person288	yearsInProgram	Year_5
Person159	yearsInProgram	Year_2
Person172	yearsInProgram	Year_1
Person226	yearsInProgram	Year_4
Person242	yearsInProgram	Year_5
Person191	yearsInProgram	Year_4
Person416	yearsInProgram	Year_1
Person348	yearsInProgram	Year_3
Person278	yearsInProgram	Year_2
Person6	yearsInProgram	Year_2
Person75	yearsInProgram	Year_6
Person303	yearsInProgram	Year_4
Person249	yearsInProgram	Year_7
Person68	yearsInProgram	Year_5
Person205	yearsInProgram	Year_1
Person182	yearsInProgram	Year_3
Course147	ta	Person23
Course165	ta	Person141
Course104	ta	Person424
Course68	ta	Person416
Course161	ta	Person191
Course137	ta	Person383
Course40	ta	Person390
Course11	ta	Person205
Course11	ta	Person172
Course147	ta	Person310
Course165	ta	Person416
Course104	ta	Person401
Course103	ta	Person182
Course149	ta	Person390
Course11	ta	Person58
Course11	ta	Person144
Course147	ta	Person390
Course147	ta	Person310
Course27	ta	Person249
Course40	ta	Person303
Course36	ta	Person278
Course147	ta	Person125
Course147	ta	Person6
Course165	ta	Person58
Course165	ta	Person422
Course104	ta	Person237
Course161	ta	Person390
Course161	ta	Person350
Course84	ta	Person141
Course11	ta	Person125
Course11	ta	Person390
Course11	ta	Person310
Course165	ta	Person191
Course104	ta	Person278
Course104	ta	Person237
Course68	ta	Person356
Course155	ta	Person226
Course11	ta	Person422
Course147	ta	Person309
Course147	ta	Person356
Course165	ta	Person294
Course104	ta	Person191
Course104	ta	Person182
Course27	ta	Person75
Course40	ta	Person303
Course147	ta	Person75
Course147	ta	Person356
Course165	ta	Person315
Course68	ta	Person191
Course68	ta	Person309
Course161	ta	Person249
Course137	ta	Person288
Course98	ta	Person303
Course137	taughtBy	Person165
Course122	taughtBy	Person378
Course149	taughtBy	Person331
Course144	taughtBy	Person278
Course122	taughtBy	Person378
Course36	taughtBy	Person181
Course84	taughtBy	Person324
Course137	taughtBy	Person165
Course98	taughtBy	Person103
professor	unary	Person378
professor	unary	Person298
professor	unary	Person52
professor	unary	Person57
professor	unary	Person231
professor	unary	Person181
professor	unary	Person364
student	unary	Person191
student	unary	Person397
student	unary	Person138
student	unary	Person303
student	unary	Person77
student	unary	Person141
professor	unary	Person331
professor	unary	Person103
professor	unary	Person165
professor	unary	Person29
professor	unary	Person201
professor	unary	Person324
student	unary	Person309
student	unary	Person383
student	unary	Person422
student	unary	Person390
student	unary	Person288
student	unary	Person159
student	unary	Person172
student	unary	Person226
student	unary	Person242
student	unary	Person416
student	unary	Person348
student	unary	Person278
student	unary	Person6
student	unary	Person75
student	unary	Person249
student	unary	Person68
student	unary	Person205
student	unary	Person182
student	unary	Person23
student	unary	Person310
student	unary	Person424
student	unary	Person401
student	unary	Person237
student	unary	Person58
student	unary	Person144
student	unary	Person125
student	unary	Person350
student	unary	Person356
student	unary	Person294
student	unary	Person315
Person378	samePerson	Person378
Person298	samePerson	Person298
Person52	samePerson	Person52
Person57	samePerson	Person57
Person231	samePerson	Person231
Person181	samePerson	Person181
Person364	samePerson	Person364
Person191	samePerson	Person191
Person397	samePerson	Person397
Person138	samePerson	Person138
Person303	samePerson	Person303
Person77	samePerson	Person77
Person141	samePerson	Person141
Person331	samePerson	Person331
Person103	samePerson	Person103
Person165	samePerson	Person165
Person29	samePerson	Person29
Person201	samePerson	Person201
Person324	samePerson	Person324
Person309	samePerson	Person309
Person383	samePerson	Person383
Person422	samePerson	Person422
Person390	samePerson	Person390
Person288	samePerson	Person288
Person159	samePerson	Person159
Person172	samePerson	Person172
Person226	samePerson	Person226
Person242	samePerson	Person242
Person416	samePerson	Person416
Person348	samePerson	Person348
Person278	samePerson	Person278
Person6	samePerson	Person6
Person75	samePerson	Person75
Person249	samePerson	Person249
Person68	samePerson	Person68
Person205	samePerson	Person205
Person182	samePerson	Person182
Person23	samePerson	Person23
Person310	samePerson	Person310
Person424	samePerson	Person424
Person401	samePerson	Person401
Person237	samePerson	Person237
Person58	samePerson	Person58
Person144	samePerson	Person144
Person125	samePerson	Person125
Person350	samePerson	Person350
Person356	samePerson	Person356
Person294	samePerson	Person294
Person315	samePerson	Person315
Course144	sameCourse	Course144
Course165	sameCourse	Course165
Course11	sameCourse	Course11
Course147	sameCourse	Course147
Course104	sameCourse	Course104
Course68	sameCourse	Course68
Course161	sameCourse	Course161
Course27	sameCourse	Course27
Course126	sameCourse	Course126
Course97	sameCourse	Course97
Course40	sameCourse	Course40
Course29	sameCourse	Course29
Course103	sameCourse	Course103
Course77	sameCourse	Course77
Course91	sameCourse	Course91
Course160	sameCourse	Course160
Course155	sameCourse	Course155
Course66	sameCourse	Course66
Course119	sameCourse	Course119
Course121	sameCourse	Course121
Course117	sameCourse	Course117
Course36	sameCourse	Course36
Course169	sameCourse	Course169
Course84	sameCourse	Course84
Course137	sameCourse	Course137
Course122	sameCourse	Course122
Course98	sameCourse	Course98
Course149	sameCourse	Course149
Project12	sameProject	Project12
Project1	sameProject	Project1
Project119	sameProject	Project119
Project63	sameProject	Project63
Project5	sameProject	Project5
Project152	sameProject	Project152
Project18	sameProject	Project18
Project56	sameProject	Project56
Project130	sameProject	Project130
Project61	sameProject	Project61
Project126	sameProject	Project126
Project94	sameProject	Project94
Project57	sameProject	Project57
Project22	sameProject	Project22
Project21	sameProject	Project21
Project64	sameProject	Project64
Title164	publication	Person378
Title202	publication	Person378
Title152	publication	Person378
Title154	publication	Person378
Title334	publication	Person378
Title193	publication	Person378
Title326	publication	Person378
Title328	publication	Person378
Title327	publication	Person378
Title308	publication	Person378
Title136	publication	Person378
Title243	publication	Person378
Title127	publication	Person378
Title317	publication	Person298
Title18	publication	Person298
Title126	publication	Person298
Title309	publication	Person298
Title128	publication	Person298
Title77	publication	Person298
Title216	publication	Person298
Title235	publication	Person298
Title311	publication	Person298
Title298	publication	Person298
Title326	publication	Person397
Title62	publication	Person138
Title210	publication	Person138
Title287	publication	Person138
Title317	publication	Person77
Title18	publication	Person77
Title126	publication	Person77
Title309	publication	Person77
Title128	publication	Person77
Title77	publication	Person77
Title216	publication	Person77
Title287	publication	Person77
Title235	publication	Person77
Title311	publication	Person77
Title298	publication	Person77
Title164	publication	Person331
Title202	publication	Person331
Title95	publication	Person331
Title152	publication	Person331
Title154	publication	Person331
Title158	publication	Person331
Title73	publication	Person331
Title19	publication	Person331
Title159	publication	Person331
Title334	publication	Person331
Title276	publication	Person331
Title328	publication	Person331
Title327	publication	Person331
Title308	publication	Person331
Title136	publication	Person331
Title243	publication	Person331
Title138	publication	Person331
Title127	publication	Person331
Title20	publication	Person331
Title21	publication	Person331
Title27	publication	Person331
Title105	publication	Person331
Title330	publication	Person165
Title200	publication	Person165
Title129	publication	Person165
Title155	publication	Person165
Title104	publication	Person165
Title324	publication	Person165
Title215	publication	Person165
Title205	publication	Person165
Title291	publication	Person165
Title321	publication	Person165
Title175	publication	Person165
Title307	publication	Person165
Title193	publication	Person165
Title184	publication	Person165
Title138	publication	Person165
Title330	publication	Person29
Title200	publication	Person29
Title129	publication	Person29
Title155	publication	Person29
Title104	publication	Person29
Title324	publication	Person29
Title215	publication	Person29
Title205	publication	Person29
Title279	publication	Person29
Title291	publication	Person29
Title66	publication	Person29
Title321	publication	Person29
Title175	publication	Person29
Title307	publication	Person29
Title184	publication	Person29
Title62	publication	Person324
Title158	publication	Person324
Title19	publication	Person324
Title210	publication	Person324
Title21	publication	Person324
Title27	publication	Person324
Title105	publication	Person324
Title330	publication	Person242
Title104	publication	Person242
Title215	publication	Person242
Title205	publication	Person242
Title279	publication	Person242
Title291	publication	Person242
Title66	publication	Person242
Title321	publication	Person242
Title175	publication	Person242
Title287	publication	Person242
Title159	publication	Person75
Title20	publication	Person75
Title95	publication	Person249
Title73	publication	Person249
Title276	publication	Person249
Course51	taughtBy	Person5
Course172	taughtBy	Person335
Course46	taughtBy	Person335
Course71	taughtBy	Person5
Course124	taughtBy	Person335
Course51	taughtBy	Person166
Course49	taughtBy	Person263
Course19	taughtBy	Person5
Course63	taughtBy	Person335
Course51	taughtBy	Person18
Course53	taughtBy	Person248
Course172	taughtBy	Person335
Course49	taughtBy	Person248
Course46	taughtBy	Person335
Course146	taughtBy	Person335
Course49	taughtBy	Person248
Course53	taughtBy	Person189
Course172	taughtBy	Person46
Course138	taughtBy	Person335
Course124	taughtBy	Person9
Course49	taughtBy	Person64
Course46	taughtBy	Person335
Course146	taughtBy	Person335
Course124	taughtBy	Person46
Course49	taughtBy	Person189
Course19	taughtBy	Person370
Course146	courseLevel	Level_300
Course124	courseLevel	Level_300
Course51	courseLevel	Level_400
Course49	courseLevel	Level_400
Course53	courseLevel	Level_400
Course46	courseLevel	Level_500
Course19	courseLevel	Level_500
Course172	courseLevel	Level_500
Course71	courseLevel	Level_500
Course63	courseLevel	Level_500
Course152	courseLevel	Level_500
Course54	courseLevel	Level_500
Course138	courseLevel	Level_500
Course35	courseLevel	Level_500
Person335	hasPosition	Faculty
Person46	hasPosition	Faculty
Person189	hasPosition	Faculty_adjunct
Person5	hasPosition	Faculty
Person18	advisedBy	Person335
Person9	advisedBy	Person335
Person429	advisedBy	Person335
Person362	advisedBy	Person5
Person362	advisedBy	Person335
Person96	advisedBy	Person5
Person263	advisedBy	Person5
Person183	advisedBy	Person5
Person118	advisedBy	Person5
Person18	inPhase	Pre_Quals
Person9	inPhase	Post_Generals
Person429	inPhase	Post_Quals
Person27	inPhase	Pre_Quals
Person362	inPhase	Post_Quals
Person96	inPhase	Post_Generals
Person361	inPhase	Post_Generals
Person263	inPhase	Post_Generals
Person183	inPhase	Pre_Quals
Person118	inPhase	Post_Generals
Person27	tempAdvisedBy	Person335
Person18	yearsInProgram	Year_3
Person9	yearsInProgram	Year_5
Person429	yearsInProgram	Year_5
Person27	yearsInProgram	Year_1
Person362	yearsInProgram	Year_3
Person96	yearsInProgram	Year_5
Person361	yearsInProgram	Year_6
Person263	yearsInProgram	Year_6
Person183	yearsInProgram	Year_4
Person118	yearsInProgram	Year_4
Course49	ta	Person361
Course46	ta	Person429
Course124	ta	Person105
Course51	ta	Person27
Course138	ta	Person18
Course49	ta	Person361
Course124	ta	Person108
Course124	ta	Person203
Course51	ta	Person96
Course49	ta	Person287
Course49	ta	Person87
Course124	ta	Person18
Course124	ta	Person35
Course49	ta	Person287
Course49	ta	Person87
Course46	ta	Person429
Course124	ta	Person108
Course124	ta	Person203
Course53	ta	Person287
Course172	ta	Person325
Course49	ta	Person361
Course51	ta	Person39
Course124	ta	Person76
Course124	ta	Person9
Course49	ta	Person96
Course19	ta	Person232
Course53	taughtBy	Person248
Course49	taughtBy	Person64
Course49	taughtBy	Person64
professor	unary	Person248
professor	unary	Person64
professor	unary	Person166
professor	unary	Person370
professor	unary	Person335
professor	unary	Person46
professor	unary	Person189
professor	unary	Person5
student	unary	Person18
student	unary	Person9
student	unary	Person429
student	unary	Person27
student	unary	Person362
student	unary	Person96
student	unary	Person361
student	unary	Person263
student	unary	Person183
student	unary	Person118
student	unary	Person105
student	unary	Person108
student	unary	Person203
student	unary	Person287
student	unary	Person87
student	unary	Person39
student	unary	Person35
student	unary	Person325
student	unary	Person76
student	unary	Person232
Person248	samePerson	Person248
Person64	samePerson	Person64
Person166	samePerson	Person166
Person370	samePerson	Person370
Person335	samePerson	Person335
Person46	samePerson	Person46
Person189	samePerson	Person189
Person5	samePerson	Person5
Person18	samePerson	Person18
Person9	samePerson	Person9
Person429	samePerson	Person429
Person27	samePerson	Person27
Person362	samePerson	Person362
Person96	samePerson	Person96
Person361	samePerson	Person361
Person263	samePerson	Person263
Person183	samePerson	Person183
Person118	samePerson	Person118
Person105	samePerson	Person105
Person108	samePerson	Person108
Person203	samePerson	Person203
Person287	samePerson	Person287
Person87	samePerson	Person87
Person39	samePerson	Person39
Person35	samePerson	Person35
Person325	samePerson	Person325
Person76	samePerson	Person76
Person232	samePerson	Person232
Course146	sameCourse	Course146
Course124	sameCourse	Course124
Course51	sameCourse	Course51
Course49	sameCourse	Course49
Course53	sameCourse	Course53
Course46	sameCourse	Course46
Course19	sameCourse	Course19
Course172	sameCourse	Course172
Course71	sameCourse	Course71
Course63	sameCourse	Course63
Course152	sameCourse	Course152
Course54	sameCourse	Course54
Course138	sameCourse	Course138
Course35	sameCourse	Course35
Project9	sameProject	Project9
Project102	sameProject	Project102
Project108	sameProject	Project108
Project89	sameProject	Project89
Project147	sameProject	Project147
Project3	sameProject	Project3
Project95	sameProject	Project95
Project120	sameProject	Project120
Title106	publication	Person335
Title14	publication	Person335
Title130	publication	Person335
Title106	publication	Person5
Title130	publication	Person5
Title257	publication	Person429
Title142	publication	Person429
Title14	publication	Person429
Title257	publication	Person183
Title142	publication	Person183
